Command line invocation:
    /Applications/Xcode.app/Contents/Developer/usr/bin/xcodebuild -project /Users/user/nahaber/ios/App/App.xcodeproj -scheme App -configuration Release -destination generic/platform=iOS -archivePath /Users/user/nahaber/NaHaber.xcarchive CODE_SIGN_STYLE=Manual "CODE_SIGN_IDENTITY=Apple Distribution" "PROVISIONING_PROFILE_SPECIFIER=NaHaber App Store Distribution" DEVELOPMENT_TEAM=VMZA353GB7 "OTHER_CODE_SIGN_FLAGS=--keychain /Users/user/Library/Keychains/login.keychain-db" archive

Build settings from command line:
    CODE_SIGN_IDENTITY = Apple Distribution
    CODE_SIGN_STYLE = Manual
    DEVELOPMENT_TEAM = VMZA353GB7
    OTHER_CODE_SIGN_FLAGS = --keychain /Users/user/Library/Keychains/login.keychain-db
    PROVISIONING_PROFILE_SPECIFIER = NaHaber App Store Distribution

Resolve Package Graph


Resolved source packages:
  capacitor-swift-pm: https://github.com/ionic-team/capacitor-swift-pm.git @ 8.4.1
  CapApp-SPM: /Users/user/nahaber/ios/App/CapApp-SPM @ local

2026-06-26 17:09:18.244 xcodebuild[10204:1149422] [MT] IDERunDestination: Supported platforms for the buildables in the current scheme is empty.
note: Using codesigning identity override: Apple Distribution
ComputePackagePrebuildTargetDependencyGraph

Prepare packages

CreateBuildRequest

SendProjectDescription

CreateBuildOperation

ComputeTargetDependencyGraph
note: Building targets in dependency order
note: Target dependency graph (5 targets)
    Target 'App' in project 'App'
        ➜ Explicit dependency on target 'CapApp-SPM' in project 'CapApp-SPM'
    Target 'CapApp-SPM' in project 'CapApp-SPM'
        ➜ Explicit dependency on target 'CapApp-SPM' in project 'CapApp-SPM'
        ➜ Explicit dependency on target 'Capacitor' in project 'capacitor-swift-pm'
        ➜ Explicit dependency on target 'Cordova' in project 'capacitor-swift-pm'
    Target 'CapApp-SPM' in project 'CapApp-SPM'
        ➜ Explicit dependency on target 'Capacitor' in project 'capacitor-swift-pm'
        ➜ Explicit dependency on target 'Cordova' in project 'capacitor-swift-pm'
    Target 'Cordova' in project 'capacitor-swift-pm' (no dependencies)
    Target 'Capacitor' in project 'capacitor-swift-pm' (no dependencies)

GatherProvisioningInputs

CreateBuildDescription

ExecuteExternalTool /Applications/Xcode.app/Contents/Developer/Toolchains/XcodeDefault.xctoolchain/usr/bin/swiftc --version

ExecuteExternalTool /Applications/Xcode.app/Contents/Developer/usr/bin/actool --print-asset-tag-combinations --output-format xml1 /Users/user/nahaber/ios/App/App/Assets.xcassets

ExecuteExternalTool /Applications/Xcode.app/Contents/Developer/usr/bin/ibtool --version --output-format xml1

ExecuteExternalTool /Applications/Xcode.app/Contents/Developer/Toolchains/XcodeDefault.xctoolchain/usr/bin/clang -v -E -dM -isysroot /Applications/Xcode.app/Contents/Developer/Platforms/iPhoneOS.platform/Developer/SDKs/iPhoneOS26.5.sdk -x c -c /dev/null

ExecuteExternalTool /Applications/Xcode.app/Contents/Developer/Toolchains/XcodeDefault.xctoolchain/usr/bin/ld -version_details

ExecuteExternalTool /Applications/Xcode.app/Contents/Developer/usr/bin/actool --version --output-format xml1

Build description signature: bff4a192793e477f264fcfb5e9917b04
Build description path: /Users/user/Library/Developer/Xcode/DerivedData/App-dbrcbrzcbnxwuibrqytmbeozgnkz/Build/Intermediates.noindex/ArchiveIntermediates/App/IntermediateBuildFilesPath/XCBuildData/bff4a192793e477f264fcfb5e9917b04.xcbuilddata
ClangStatCache /Applications/Xcode.app/Contents/Developer/Toolchains/XcodeDefault.xctoolchain/usr/bin/clang-stat-cache /Applications/Xcode.app/Contents/Developer/Platforms/iPhoneOS.platform/Developer/SDKs/iPhoneOS26.5.sdk /Users/user/Library/Developer/Xcode/DerivedData/SDKStatCaches.noindex/iphoneos26.5-23F81a-32daed1954a7d5dd0789fcaf2a9bb78b.sdkstatcache
    cd /Users/user/nahaber/ios/App/App.xcodeproj
    /Applications/Xcode.app/Contents/Developer/Toolchains/XcodeDefault.xctoolchain/usr/bin/clang-stat-cache /Applications/Xcode.app/Contents/Developer/Platforms/iPhoneOS.platform/Developer/SDKs/iPhoneOS26.5.sdk -o /Users/user/Library/Developer/Xcode/DerivedData/SDKStatCaches.noindex/iphoneos26.5-23F81a-32daed1954a7d5dd0789fcaf2a9bb78b.sdkstatcache

CreateBuildDirectory /Users/user/Library/Developer/Xcode/DerivedData/App-dbrcbrzcbnxwuibrqytmbeozgnkz/Build/Intermediates.noindex/ArchiveIntermediates/App/InstallationBuildProductsLocation
    cd /Users/user/nahaber/ios/App/App.xcodeproj
    builtin-create-build-directory /Users/user/Library/Developer/Xcode/DerivedData/App-dbrcbrzcbnxwuibrqytmbeozgnkz/Build/Intermediates.noindex/ArchiveIntermediates/App/InstallationBuildProductsLocation

CreateBuildDirectory /Users/user/Library/Developer/Xcode/DerivedData/App-dbrcbrzcbnxwuibrqytmbeozgnkz/Build/Intermediates.noindex/ArchiveIntermediates/App/BuildProductsPath
    cd /Users/user/nahaber/ios/App/App.xcodeproj
    builtin-create-build-directory /Users/user/Library/Developer/Xcode/DerivedData/App-dbrcbrzcbnxwuibrqytmbeozgnkz/Build/Intermediates.noindex/ArchiveIntermediates/App/BuildProductsPath

CreateBuildDirectory /Users/user/Library/Developer/Xcode/DerivedData/App-dbrcbrzcbnxwuibrqytmbeozgnkz/Build/Intermediates.noindex/ArchiveIntermediates/App/IntermediateBuildFilesPath
    cd /Users/user/nahaber/ios/App/App.xcodeproj
    builtin-create-build-directory /Users/user/Library/Developer/Xcode/DerivedData/App-dbrcbrzcbnxwuibrqytmbeozgnkz/Build/Intermediates.noindex/ArchiveIntermediates/App/IntermediateBuildFilesPath

SignatureCollection /Users/user/Library/Developer/Xcode/DerivedData/App-dbrcbrzcbnxwuibrqytmbeozgnkz/Build/Intermediates.noindex/ArchiveIntermediates/App/BuildProductsPath/Release-iphoneos/Capacitor.xcframework-ios.signature
    cd /Users/user/nahaber/ios/App/App.xcodeproj
    builtin-collectSignature --input /Users/user/Library/Developer/Xcode/DerivedData/App-dbrcbrzcbnxwuibrqytmbeozgnkz/SourcePackages/artifacts/capacitor-swift-pm/Capacitor/Capacitor.xcframework --output /Users/user/Library/Developer/Xcode/DerivedData/App-dbrcbrzcbnxwuibrqytmbeozgnkz/Build/Intermediates.noindex/ArchiveIntermediates/App/BuildProductsPath/Release-iphoneos/Capacitor.xcframework-ios.signature --info platform ios --info library Capacitor.framework

SignatureCollection /Users/user/Library/Developer/Xcode/DerivedData/App-dbrcbrzcbnxwuibrqytmbeozgnkz/Build/Intermediates.noindex/ArchiveIntermediates/App/BuildProductsPath/Release-iphoneos/Cordova.xcframework-ios.signature
    cd /Users/user/nahaber/ios/App/App.xcodeproj
    builtin-collectSignature --input /Users/user/Library/Developer/Xcode/DerivedData/App-dbrcbrzcbnxwuibrqytmbeozgnkz/SourcePackages/artifacts/capacitor-swift-pm/Cordova/Cordova.xcframework --output /Users/user/Library/Developer/Xcode/DerivedData/App-dbrcbrzcbnxwuibrqytmbeozgnkz/Build/Intermediates.noindex/ArchiveIntermediates/App/BuildProductsPath/Release-iphoneos/Cordova.xcframework-ios.signature --info platform ios --info library Cordova.framework

CreateBuildDirectory /Users/user/Library/Developer/Xcode/DerivedData/App-dbrcbrzcbnxwuibrqytmbeozgnkz/Build/Intermediates.noindex/ArchiveIntermediates/App/IntermediateBuildFilesPath/SwiftExplicitPrecompiledModules
    cd /Users/user/nahaber/ios/App/App.xcodeproj
    builtin-create-build-directory /Users/user/Library/Developer/Xcode/DerivedData/App-dbrcbrzcbnxwuibrqytmbeozgnkz/Build/Intermediates.noindex/ArchiveIntermediates/App/IntermediateBuildFilesPath/SwiftExplicitPrecompiledModules

CreateBuildDirectory /Users/user/Library/Developer/Xcode/DerivedData/App-dbrcbrzcbnxwuibrqytmbeozgnkz/Build/Intermediates.noindex/ArchiveIntermediates/App/IntermediateBuildFilesPath/ExplicitPrecompiledModules
    cd /Users/user/nahaber/ios/App/App.xcodeproj
    builtin-create-build-directory /Users/user/Library/Developer/Xcode/DerivedData/App-dbrcbrzcbnxwuibrqytmbeozgnkz/Build/Intermediates.noindex/ArchiveIntermediates/App/IntermediateBuildFilesPath/ExplicitPrecompiledModules

CreateBuildDirectory /Users/user/Library/Developer/Xcode/DerivedData/App-dbrcbrzcbnxwuibrqytmbeozgnkz/Build/Intermediates.noindex/ArchiveIntermediates/App/BuildProductsPath/Release-iphoneos
    cd /Users/user/nahaber/ios/App/App.xcodeproj
    builtin-create-build-directory /Users/user/Library/Developer/Xcode/DerivedData/App-dbrcbrzcbnxwuibrqytmbeozgnkz/Build/Intermediates.noindex/ArchiveIntermediates/App/BuildProductsPath/Release-iphoneos

CreateBuildDirectory /Users/user/Library/Developer/Xcode/DerivedData/App-dbrcbrzcbnxwuibrqytmbeozgnkz/Build/Intermediates.noindex/ArchiveIntermediates/App/IntermediateBuildFilesPath/EagerLinkingTBDs/Release-iphoneos
    cd /Users/user/nahaber/ios/App/App.xcodeproj
    builtin-create-build-directory /Users/user/Library/Developer/Xcode/DerivedData/App-dbrcbrzcbnxwuibrqytmbeozgnkz/Build/Intermediates.noindex/ArchiveIntermediates/App/IntermediateBuildFilesPath/EagerLinkingTBDs/Release-iphoneos

WriteAuxiliaryFile /Users/user/Library/Developer/Xcode/DerivedData/App-dbrcbrzcbnxwuibrqytmbeozgnkz/Build/Intermediates.noindex/ArchiveIntermediates/App/IntermediateBuildFilesPath/App.build/Release-iphoneos/App-0ca3007d900a678c2b4d53418799ee3d-VFS-iphoneos/all-product-headers.yaml
    cd /Users/user/nahaber/ios/App/App.xcodeproj
    write-file /Users/user/Library/Developer/Xcode/DerivedData/App-dbrcbrzcbnxwuibrqytmbeozgnkz/Build/Intermediates.noindex/ArchiveIntermediates/App/IntermediateBuildFilesPath/App.build/Release-iphoneos/App-0ca3007d900a678c2b4d53418799ee3d-VFS-iphoneos/all-product-headers.yaml

CreateBuildDirectory /Users/user/Library/Developer/Xcode/DerivedData/App-dbrcbrzcbnxwuibrqytmbeozgnkz/Build/Intermediates.noindex/ArchiveIntermediates/App/BuildProductsPath/Release-iphoneos/PackageFrameworks
    cd /Users/user/nahaber/ios/App/App.xcodeproj
    builtin-create-build-directory /Users/user/Library/Developer/Xcode/DerivedData/App-dbrcbrzcbnxwuibrqytmbeozgnkz/Build/Intermediates.noindex/ArchiveIntermediates/App/BuildProductsPath/Release-iphoneos/PackageFrameworks

ProcessXCFramework /Users/user/Library/Developer/Xcode/DerivedData/App-dbrcbrzcbnxwuibrqytmbeozgnkz/SourcePackages/artifacts/capacitor-swift-pm/Cordova/Cordova.xcframework /Users/user/Library/Developer/Xcode/DerivedData/App-dbrcbrzcbnxwuibrqytmbeozgnkz/Build/Intermediates.noindex/ArchiveIntermediates/App/BuildProductsPath/Release-iphoneos/Cordova.framework ios
    cd /Users/user/nahaber/ios/App/App.xcodeproj
    builtin-process-xcframework --xcframework /Users/user/Library/Developer/Xcode/DerivedData/App-dbrcbrzcbnxwuibrqytmbeozgnkz/SourcePackages/artifacts/capacitor-swift-pm/Cordova/Cordova.xcframework --platform ios --target-path /Users/user/Library/Developer/Xcode/DerivedData/App-dbrcbrzcbnxwuibrqytmbeozgnkz/Build/Intermediates.noindex/ArchiveIntermediates/App/BuildProductsPath/Release-iphoneos
/Users/user/Library/Developer/Xcode/DerivedData/App-dbrcbrzcbnxwuibrqytmbeozgnkz/SourcePackages/artifacts/capacitor-swift-pm/Cordova/Cordova.xcframework:1:1: note: The identity of “Cordova.xcframework” is not recorded in your project.

ProcessXCFramework /Users/user/Library/Developer/Xcode/DerivedData/App-dbrcbrzcbnxwuibrqytmbeozgnkz/SourcePackages/artifacts/capacitor-swift-pm/Capacitor/Capacitor.xcframework /Users/user/Library/Developer/Xcode/DerivedData/App-dbrcbrzcbnxwuibrqytmbeozgnkz/Build/Intermediates.noindex/ArchiveIntermediates/App/BuildProductsPath/Release-iphoneos/Capacitor.framework ios
    cd /Users/user/nahaber/ios/App/App.xcodeproj
    builtin-process-xcframework --xcframework /Users/user/Library/Developer/Xcode/DerivedData/App-dbrcbrzcbnxwuibrqytmbeozgnkz/SourcePackages/artifacts/capacitor-swift-pm/Capacitor/Capacitor.xcframework --platform ios --target-path /Users/user/Library/Developer/Xcode/DerivedData/App-dbrcbrzcbnxwuibrqytmbeozgnkz/Build/Intermediates.noindex/ArchiveIntermediates/App/BuildProductsPath/Release-iphoneos
/Users/user/Library/Developer/Xcode/DerivedData/App-dbrcbrzcbnxwuibrqytmbeozgnkz/SourcePackages/artifacts/capacitor-swift-pm/Capacitor/Capacitor.xcframework:1:1: note: The identity of “Capacitor.xcframework” is not recorded in your project.

WriteAuxiliaryFile /Users/user/Library/Developer/Xcode/DerivedData/App-dbrcbrzcbnxwuibrqytmbeozgnkz/Build/Intermediates.noindex/ArchiveIntermediates/App/IntermediateBuildFilesPath/CapApp-SPM.build/Release-iphoneos/CapApp-SPM.build/CapApp-SPM.modulemap (in target 'CapApp-SPM' from project 'CapApp-SPM')
    cd /Users/user/nahaber/ios/App/CapApp-SPM
    write-file /Users/user/Library/Developer/Xcode/DerivedData/App-dbrcbrzcbnxwuibrqytmbeozgnkz/Build/Intermediates.noindex/ArchiveIntermediates/App/IntermediateBuildFilesPath/CapApp-SPM.build/Release-iphoneos/CapApp-SPM.build/CapApp-SPM.modulemap

WriteAuxiliaryFile /Users/user/Library/Developer/Xcode/DerivedData/App-dbrcbrzcbnxwuibrqytmbeozgnkz/Build/Intermediates.noindex/ArchiveIntermediates/App/IntermediateBuildFilesPath/CapApp-SPM.build/Release-iphoneos/CapApp-SPM.build/Objects-normal/arm64/CapApp-SPM.SwiftConstValuesFileList (in target 'CapApp-SPM' from project 'CapApp-SPM')
    cd /Users/user/nahaber/ios/App/CapApp-SPM
    write-file /Users/user/Library/Developer/Xcode/DerivedData/App-dbrcbrzcbnxwuibrqytmbeozgnkz/Build/Intermediates.noindex/ArchiveIntermediates/App/IntermediateBuildFilesPath/CapApp-SPM.build/Release-iphoneos/CapApp-SPM.build/Objects-normal/arm64/CapApp-SPM.SwiftConstValuesFileList

WriteAuxiliaryFile /Users/user/Library/Developer/Xcode/DerivedData/App-dbrcbrzcbnxwuibrqytmbeozgnkz/Build/Intermediates.noindex/ArchiveIntermediates/App/IntermediateBuildFilesPath/CapApp-SPM.build/Release-iphoneos/CapApp-SPM.build/Objects-normal/arm64/CapApp-SPM.LinkFileList (in target 'CapApp-SPM' from project 'CapApp-SPM')
    cd /Users/user/nahaber/ios/App/CapApp-SPM
    write-file /Users/user/Library/Developer/Xcode/DerivedData/App-dbrcbrzcbnxwuibrqytmbeozgnkz/Build/Intermediates.noindex/ArchiveIntermediates/App/IntermediateBuildFilesPath/CapApp-SPM.build/Release-iphoneos/CapApp-SPM.build/Objects-normal/arm64/CapApp-SPM.LinkFileList

WriteAuxiliaryFile /Users/user/Library/Developer/Xcode/DerivedData/App-dbrcbrzcbnxwuibrqytmbeozgnkz/Build/Intermediates.noindex/ArchiveIntermediates/App/IntermediateBuildFilesPath/CapApp-SPM.build/Release-iphoneos/CapApp-SPM.build/Objects-normal/arm64/CapApp-SPM-OutputFileMap.json (in target 'CapApp-SPM' from project 'CapApp-SPM')
    cd /Users/user/nahaber/ios/App/CapApp-SPM
    write-file /Users/user/Library/Developer/Xcode/DerivedData/App-dbrcbrzcbnxwuibrqytmbeozgnkz/Build/Intermediates.noindex/ArchiveIntermediates/App/IntermediateBuildFilesPath/CapApp-SPM.build/Release-iphoneos/CapApp-SPM.build/Objects-normal/arm64/CapApp-SPM-OutputFileMap.json

WriteAuxiliaryFile /Users/user/Library/Developer/Xcode/DerivedData/App-dbrcbrzcbnxwuibrqytmbeozgnkz/Build/Intermediates.noindex/ArchiveIntermediates/App/IntermediateBuildFilesPath/CapApp-SPM.build/Release-iphoneos/CapApp-SPM.build/Objects-normal/arm64/CapApp-SPM_const_extract_protocols.json (in target 'CapApp-SPM' from project 'CapApp-SPM')
    cd /Users/user/nahaber/ios/App/CapApp-SPM
    write-file /Users/user/Library/Developer/Xcode/DerivedData/App-dbrcbrzcbnxwuibrqytmbeozgnkz/Build/Intermediates.noindex/ArchiveIntermediates/App/IntermediateBuildFilesPath/CapApp-SPM.build/Release-iphoneos/CapApp-SPM.build/Objects-normal/arm64/CapApp-SPM_const_extract_protocols.json

WriteAuxiliaryFile /Users/user/Library/Developer/Xcode/DerivedData/App-dbrcbrzcbnxwuibrqytmbeozgnkz/Build/Intermediates.noindex/ArchiveIntermediates/App/IntermediateBuildFilesPath/CapApp-SPM.build/Release-iphoneos/CapApp-SPM.build/CapApp-SPM.DependencyStaticMetadataFileList (in target 'CapApp-SPM' from project 'CapApp-SPM')
    cd /Users/user/nahaber/ios/App/CapApp-SPM
    write-file /Users/user/Library/Developer/Xcode/DerivedData/App-dbrcbrzcbnxwuibrqytmbeozgnkz/Build/Intermediates.noindex/ArchiveIntermediates/App/IntermediateBuildFilesPath/CapApp-SPM.build/Release-iphoneos/CapApp-SPM.build/CapApp-SPM.DependencyStaticMetadataFileList

WriteAuxiliaryFile /Users/user/Library/Developer/Xcode/DerivedData/App-dbrcbrzcbnxwuibrqytmbeozgnkz/Build/Intermediates.noindex/ArchiveIntermediates/App/IntermediateBuildFilesPath/CapApp-SPM.build/Release-iphoneos/CapApp-SPM.build/CapApp-SPM.DependencyMetadataFileList (in target 'CapApp-SPM' from project 'CapApp-SPM')
    cd /Users/user/nahaber/ios/App/CapApp-SPM
    write-file /Users/user/Library/Developer/Xcode/DerivedData/App-dbrcbrzcbnxwuibrqytmbeozgnkz/Build/Intermediates.noindex/ArchiveIntermediates/App/IntermediateBuildFilesPath/CapApp-SPM.build/Release-iphoneos/CapApp-SPM.build/CapApp-SPM.DependencyMetadataFileList

WriteAuxiliaryFile /Users/user/Library/Developer/Xcode/DerivedData/App-dbrcbrzcbnxwuibrqytmbeozgnkz/Build/Intermediates.noindex/ArchiveIntermediates/App/IntermediateBuildFilesPath/CapApp-SPM.build/Release-iphoneos/CapApp-SPM.build/Objects-normal/arm64/CapApp-SPM.SwiftFileList (in target 'CapApp-SPM' from project 'CapApp-SPM')
    cd /Users/user/nahaber/ios/App/CapApp-SPM
    write-file /Users/user/Library/Developer/Xcode/DerivedData/App-dbrcbrzcbnxwuibrqytmbeozgnkz/Build/Intermediates.noindex/ArchiveIntermediates/App/IntermediateBuildFilesPath/CapApp-SPM.build/Release-iphoneos/CapApp-SPM.build/Objects-normal/arm64/CapApp-SPM.SwiftFileList

WriteAuxiliaryFile /Users/user/Library/Developer/Xcode/DerivedData/App-dbrcbrzcbnxwuibrqytmbeozgnkz/Build/Intermediates.noindex/ArchiveIntermediates/App/IntermediateBuildFilesPath/App.build/Release-iphoneos/App.build/Objects-normal/arm64/App_const_extract_protocols.json (in target 'App' from project 'App')
    cd /Users/user/nahaber/ios/App
    write-file /Users/user/Library/Developer/Xcode/DerivedData/App-dbrcbrzcbnxwuibrqytmbeozgnkz/Build/Intermediates.noindex/ArchiveIntermediates/App/IntermediateBuildFilesPath/App.build/Release-iphoneos/App.build/Objects-normal/arm64/App_const_extract_protocols.json

WriteAuxiliaryFile /Users/user/Library/Developer/Xcode/DerivedData/App-dbrcbrzcbnxwuibrqytmbeozgnkz/Build/Intermediates.noindex/ArchiveIntermediates/App/IntermediateBuildFilesPath/App.build/Release-iphoneos/App.build/Objects-normal/arm64/App.SwiftFileList (in target 'App' from project 'App')
    cd /Users/user/nahaber/ios/App
    write-file /Users/user/Library/Developer/Xcode/DerivedData/App-dbrcbrzcbnxwuibrqytmbeozgnkz/Build/Intermediates.noindex/ArchiveIntermediates/App/IntermediateBuildFilesPath/App.build/Release-iphoneos/App.build/Objects-normal/arm64/App.SwiftFileList

WriteAuxiliaryFile /Users/user/Library/Developer/Xcode/DerivedData/App-dbrcbrzcbnxwuibrqytmbeozgnkz/Build/Intermediates.noindex/ArchiveIntermediates/App/IntermediateBuildFilesPath/App.build/Release-iphoneos/App.build/Objects-normal/arm64/App.SwiftConstValuesFileList (in target 'App' from project 'App')
    cd /Users/user/nahaber/ios/App
    write-file /Users/user/Library/Developer/Xcode/DerivedData/App-dbrcbrzcbnxwuibrqytmbeozgnkz/Build/Intermediates.noindex/ArchiveIntermediates/App/IntermediateBuildFilesPath/App.build/Release-iphoneos/App.build/Objects-normal/arm64/App.SwiftConstValuesFileList

WriteAuxiliaryFile /Users/user/Library/Developer/Xcode/DerivedData/App-dbrcbrzcbnxwuibrqytmbeozgnkz/Build/Intermediates.noindex/ArchiveIntermediates/App/IntermediateBuildFilesPath/App.build/Release-iphoneos/App.build/Objects-normal/arm64/App.LinkFileList (in target 'App' from project 'App')
    cd /Users/user/nahaber/ios/App
    write-file /Users/user/Library/Developer/Xcode/DerivedData/App-dbrcbrzcbnxwuibrqytmbeozgnkz/Build/Intermediates.noindex/ArchiveIntermediates/App/IntermediateBuildFilesPath/App.build/Release-iphoneos/App.build/Objects-normal/arm64/App.LinkFileList

Copy /Users/user/Library/Developer/Xcode/DerivedData/App-dbrcbrzcbnxwuibrqytmbeozgnkz/Build/Intermediates.noindex/ArchiveIntermediates/App/IntermediateBuildFilesPath/GeneratedModuleMaps-iphoneos/CapApp-SPM.modulemap /Users/user/Library/Developer/Xcode/DerivedData/App-dbrcbrzcbnxwuibrqytmbeozgnkz/Build/Intermediates.noindex/ArchiveIntermediates/App/IntermediateBuildFilesPath/CapApp-SPM.build/Release-iphoneos/CapApp-SPM.build/CapApp-SPM.modulemap (in target 'CapApp-SPM' from project 'CapApp-SPM')
    cd /Users/user/nahaber/ios/App/CapApp-SPM
    builtin-copy -exclude .DS_Store -exclude CVS -exclude .svn -exclude .git -exclude .hg -strip-unsigned-binaries -strip-deterministic -strip-tool /Applications/Xcode.app/Contents/Developer/Toolchains/XcodeDefault.xctoolchain/usr/bin/strip -resolve-src-symlinks /Users/user/Library/Developer/Xcode/DerivedData/App-dbrcbrzcbnxwuibrqytmbeozgnkz/Build/Intermediates.noindex/ArchiveIntermediates/App/IntermediateBuildFilesPath/CapApp-SPM.build/Release-iphoneos/CapApp-SPM.build/CapApp-SPM.modulemap /Users/user/Library/Developer/Xcode/DerivedData/App-dbrcbrzcbnxwuibrqytmbeozgnkz/Build/Intermediates.noindex/ArchiveIntermediates/App/IntermediateBuildFilesPath/GeneratedModuleMaps-iphoneos

WriteAuxiliaryFile /Users/user/Library/Developer/Xcode/DerivedData/App-dbrcbrzcbnxwuibrqytmbeozgnkz/Build/Intermediates.noindex/ArchiveIntermediates/App/IntermediateBuildFilesPath/App.build/Release-iphoneos/App.build/Objects-normal/arm64/App-OutputFileMap.json (in target 'App' from project 'App')
    cd /Users/user/nahaber/ios/App
    write-file /Users/user/Library/Developer/Xcode/DerivedData/App-dbrcbrzcbnxwuibrqytmbeozgnkz/Build/Intermediates.noindex/ArchiveIntermediates/App/IntermediateBuildFilesPath/App.build/Release-iphoneos/App.build/Objects-normal/arm64/App-OutputFileMap.json

WriteAuxiliaryFile /Users/user/Library/Developer/Xcode/DerivedData/App-dbrcbrzcbnxwuibrqytmbeozgnkz/Build/Intermediates.noindex/ArchiveIntermediates/App/IntermediateBuildFilesPath/App.build/Release-iphoneos/App.build/App.hmap (in target 'App' from project 'App')
    cd /Users/user/nahaber/ios/App
    write-file /Users/user/Library/Developer/Xcode/DerivedData/App-dbrcbrzcbnxwuibrqytmbeozgnkz/Build/Intermediates.noindex/ArchiveIntermediates/App/IntermediateBuildFilesPath/App.build/Release-iphoneos/App.build/App.hmap

WriteAuxiliaryFile /Users/user/Library/Developer/Xcode/DerivedData/App-dbrcbrzcbnxwuibrqytmbeozgnkz/Build/Intermediates.noindex/ArchiveIntermediates/App/IntermediateBuildFilesPath/App.build/Release-iphoneos/App.build/DerivedSources/Entitlements.plist (in target 'App' from project 'App')
    cd /Users/user/nahaber/ios/App
    write-file /Users/user/Library/Developer/Xcode/DerivedData/App-dbrcbrzcbnxwuibrqytmbeozgnkz/Build/Intermediates.noindex/ArchiveIntermediates/App/IntermediateBuildFilesPath/App.build/Release-iphoneos/App.build/DerivedSources/Entitlements.plist

WriteAuxiliaryFile /Users/user/Library/Developer/Xcode/DerivedData/App-dbrcbrzcbnxwuibrqytmbeozgnkz/Build/Intermediates.noindex/ArchiveIntermediates/App/IntermediateBuildFilesPath/App.build/Release-iphoneos/App.build/App.DependencyStaticMetadataFileList (in target 'App' from project 'App')
    cd /Users/user/nahaber/ios/App
    write-file /Users/user/Library/Developer/Xcode/DerivedData/App-dbrcbrzcbnxwuibrqytmbeozgnkz/Build/Intermediates.noindex/ArchiveIntermediates/App/IntermediateBuildFilesPath/App.build/Release-iphoneos/App.build/App.DependencyStaticMetadataFileList

WriteAuxiliaryFile /Users/user/Library/Developer/Xcode/DerivedData/App-dbrcbrzcbnxwuibrqytmbeozgnkz/Build/Intermediates.noindex/ArchiveIntermediates/App/IntermediateBuildFilesPath/App.build/Release-iphoneos/App.build/App.DependencyMetadataFileList (in target 'App' from project 'App')
    cd /Users/user/nahaber/ios/App
    write-file /Users/user/Library/Developer/Xcode/DerivedData/App-dbrcbrzcbnxwuibrqytmbeozgnkz/Build/Intermediates.noindex/ArchiveIntermediates/App/IntermediateBuildFilesPath/App.build/Release-iphoneos/App.build/App.DependencyMetadataFileList

WriteAuxiliaryFile /Users/user/Library/Developer/Xcode/DerivedData/App-dbrcbrzcbnxwuibrqytmbeozgnkz/Build/Intermediates.noindex/ArchiveIntermediates/App/IntermediateBuildFilesPath/App.build/Release-iphoneos/App.build/App-project-headers.hmap (in target 'App' from project 'App')
    cd /Users/user/nahaber/ios/App
    write-file /Users/user/Library/Developer/Xcode/DerivedData/App-dbrcbrzcbnxwuibrqytmbeozgnkz/Build/Intermediates.noindex/ArchiveIntermediates/App/IntermediateBuildFilesPath/App.build/Release-iphoneos/App.build/App-project-headers.hmap

WriteAuxiliaryFile /Users/user/Library/Developer/Xcode/DerivedData/App-dbrcbrzcbnxwuibrqytmbeozgnkz/Build/Intermediates.noindex/ArchiveIntermediates/App/IntermediateBuildFilesPath/App.build/Release-iphoneos/App.build/App-own-target-headers.hmap (in target 'App' from project 'App')
    cd /Users/user/nahaber/ios/App
    write-file /Users/user/Library/Developer/Xcode/DerivedData/App-dbrcbrzcbnxwuibrqytmbeozgnkz/Build/Intermediates.noindex/ArchiveIntermediates/App/IntermediateBuildFilesPath/App.build/Release-iphoneos/App.build/App-own-target-headers.hmap

WriteAuxiliaryFile /Users/user/Library/Developer/Xcode/DerivedData/App-dbrcbrzcbnxwuibrqytmbeozgnkz/Build/Intermediates.noindex/ArchiveIntermediates/App/IntermediateBuildFilesPath/App.build/Release-iphoneos/App.build/App-generated-files.hmap (in target 'App' from project 'App')
    cd /Users/user/nahaber/ios/App
    write-file /Users/user/Library/Developer/Xcode/DerivedData/App-dbrcbrzcbnxwuibrqytmbeozgnkz/Build/Intermediates.noindex/ArchiveIntermediates/App/IntermediateBuildFilesPath/App.build/Release-iphoneos/App.build/App-generated-files.hmap

WriteAuxiliaryFile /Users/user/Library/Developer/Xcode/DerivedData/App-dbrcbrzcbnxwuibrqytmbeozgnkz/Build/Intermediates.noindex/ArchiveIntermediates/App/IntermediateBuildFilesPath/App.build/Release-iphoneos/App.build/App-all-target-headers.hmap (in target 'App' from project 'App')
    cd /Users/user/nahaber/ios/App
    write-file /Users/user/Library/Developer/Xcode/DerivedData/App-dbrcbrzcbnxwuibrqytmbeozgnkz/Build/Intermediates.noindex/ArchiveIntermediates/App/IntermediateBuildFilesPath/App.build/Release-iphoneos/App.build/App-all-target-headers.hmap

WriteAuxiliaryFile /Users/user/Library/Developer/Xcode/DerivedData/App-dbrcbrzcbnxwuibrqytmbeozgnkz/Build/Intermediates.noindex/ArchiveIntermediates/App/IntermediateBuildFilesPath/App.build/Release-iphoneos/App.build/App-all-non-framework-target-headers.hmap (in target 'App' from project 'App')
    cd /Users/user/nahaber/ios/App
    write-file /Users/user/Library/Developer/Xcode/DerivedData/App-dbrcbrzcbnxwuibrqytmbeozgnkz/Build/Intermediates.noindex/ArchiveIntermediates/App/IntermediateBuildFilesPath/App.build/Release-iphoneos/App.build/App-all-non-framework-target-headers.hmap

SymLink /Users/user/Library/Developer/Xcode/DerivedData/App-dbrcbrzcbnxwuibrqytmbeozgnkz/Build/Intermediates.noindex/ArchiveIntermediates/App/BuildProductsPath/Release-iphoneos/CapApp-SPM.o ../../IntermediateBuildFilesPath/UninstalledProducts/iphoneos/CapApp-SPM.o (in target 'CapApp-SPM' from project 'CapApp-SPM')
    cd /Users/user/nahaber/ios/App/CapApp-SPM
    /bin/ln -sfh ../../IntermediateBuildFilesPath/UninstalledProducts/iphoneos/CapApp-SPM.o /Users/user/Library/Developer/Xcode/DerivedData/App-dbrcbrzcbnxwuibrqytmbeozgnkz/Build/Intermediates.noindex/ArchiveIntermediates/App/BuildProductsPath/Release-iphoneos/CapApp-SPM.o

SymLink /Users/user/Library/Developer/Xcode/DerivedData/App-dbrcbrzcbnxwuibrqytmbeozgnkz/Build/Intermediates.noindex/ArchiveIntermediates/App/BuildProductsPath/Release-iphoneos/App.app ../../InstallationBuildProductsLocation/Applications/App.app (in target 'App' from project 'App')
    cd /Users/user/nahaber/ios/App
    /bin/ln -sfh ../../InstallationBuildProductsLocation/Applications/App.app /Users/user/Library/Developer/Xcode/DerivedData/App-dbrcbrzcbnxwuibrqytmbeozgnkz/Build/Intermediates.noindex/ArchiveIntermediates/App/BuildProductsPath/Release-iphoneos/App.app

MkDir /Users/user/Library/Developer/Xcode/DerivedData/App-dbrcbrzcbnxwuibrqytmbeozgnkz/Build/Intermediates.noindex/ArchiveIntermediates/App/InstallationBuildProductsLocation/Applications/App.app/Frameworks (in target 'App' from project 'App')
    cd /Users/user/nahaber/ios/App
    /bin/mkdir -p /Users/user/Library/Developer/Xcode/DerivedData/App-dbrcbrzcbnxwuibrqytmbeozgnkz/Build/Intermediates.noindex/ArchiveIntermediates/App/InstallationBuildProductsLocation/Applications/App.app/Frameworks

MkDir /Users/user/Library/Developer/Xcode/DerivedData/App-dbrcbrzcbnxwuibrqytmbeozgnkz/Build/Intermediates.noindex/ArchiveIntermediates/App/InstallationBuildProductsLocation/Applications/App.app (in target 'App' from project 'App')
    cd /Users/user/nahaber/ios/App
    /bin/mkdir -p /Users/user/Library/Developer/Xcode/DerivedData/App-dbrcbrzcbnxwuibrqytmbeozgnkz/Build/Intermediates.noindex/ArchiveIntermediates/App/InstallationBuildProductsLocation/Applications/App.app

SwiftDriver CapApp-SPM normal arm64 com.apple.xcode.tools.swift.compiler (in target 'CapApp-SPM' from project 'CapApp-SPM')
    cd /Users/user/nahaber/ios/App/App.xcodeproj
    builtin-SwiftDriver -- /Applications/Xcode.app/Contents/Developer/Toolchains/XcodeDefault.xctoolchain/usr/bin/swiftc -module-name CapApp_SPM -O -whole-module-optimization @/Users/user/Library/Developer/Xcode/DerivedData/App-dbrcbrzcbnxwuibrqytmbeozgnkz/Build/Intermediates.noindex/ArchiveIntermediates/App/IntermediateBuildFilesPath/CapApp-SPM.build/Release-iphoneos/CapApp-SPM.build/Objects-normal/arm64/CapApp-SPM.SwiftFileList -DSWIFT_PACKAGE -DSWIFT_MODULE_RESOURCE_BUNDLE_UNAVAILABLE -DXcode -plugin-path /Applications/Xcode.app/Contents/Developer/Toolchains/XcodeDefault.xctoolchain/usr/lib/swift/host/plugins/testing -enable-experimental-feature DebugDescriptionMacro -sdk /Applications/Xcode.app/Contents/Developer/Platforms/iPhoneOS.platform/Developer/SDKs/iPhoneOS26.5.sdk -target arm64-apple-ios15.0 -g -module-cache-path /Users/user/Library/Developer/Xcode/DerivedData/ModuleCache.noindex -Xfrontend -serialize-debugging-options -suppress-warnings -swift-version 5 -I /Users/user/Library/Developer/Xcode/DerivedData/App-dbrcbrzcbnxwuibrqytmbeozgnkz/Build/Intermediates.noindex/ArchiveIntermediates/App/BuildProductsPath/Release-iphoneos -Isystem /Applications/Xcode.app/Contents/Developer/Platforms/iPhoneOS.platform/Developer/usr/lib -F /Users/user/Library/Developer/Xcode/DerivedData/App-dbrcbrzcbnxwuibrqytmbeozgnkz/Build/Intermediates.noindex/ArchiveIntermediates/App/BuildProductsPath/Release-iphoneos -F /Applications/Xcode.app/Contents/Developer/Platforms/iPhoneOS.platform/Developer/Library/Frameworks -F /Applications/Xcode.app/Contents/Developer/Platforms/iPhoneOS.platform/Developer/SDKs/iPhoneOS26.5.sdk/Developer/Library/Frameworks -parse-as-library -c -num-threads 10 -Xcc -ivfsstatcache -Xcc /Users/user/Library/Developer/Xcode/DerivedData/SDKStatCaches.noindex/iphoneos26.5-23F81a-32daed1954a7d5dd0789fcaf2a9bb78b.sdkstatcache -output-file-map /Users/user/Library/Developer/Xcode/DerivedData/App-dbrcbrzcbnxwuibrqytmbeozgnkz/Build/Intermediates.noindex/ArchiveIntermediates/App/IntermediateBuildFilesPath/CapApp-SPM.build/Release-iphoneos/CapApp-SPM.build/Objects-normal/arm64/CapApp-SPM-OutputFileMap.json -use-frontend-parseable-output -save-temps -no-color-diagnostics -explicit-module-build -module-cache-path /Users/user/Library/Developer/Xcode/DerivedData/App-dbrcbrzcbnxwuibrqytmbeozgnkz/Build/Intermediates.noindex/ArchiveIntermediates/App/IntermediateBuildFilesPath/SwiftExplicitPrecompiledModules -clang-scanner-module-cache-path /Users/user/Library/Developer/Xcode/DerivedData/ModuleCache.noindex -sdk-module-cache-path /Users/user/Library/Developer/Xcode/DerivedData/ModuleCache.noindex -serialize-diagnostics -emit-dependencies -emit-module -emit-module-path /Users/user/Library/Developer/Xcode/DerivedData/App-dbrcbrzcbnxwuibrqytmbeozgnkz/Build/Intermediates.noindex/ArchiveIntermediates/App/IntermediateBuildFilesPath/CapApp-SPM.build/Release-iphoneos/CapApp-SPM.build/Objects-normal/arm64/CapApp_SPM.swiftmodule -validate-clang-modules-once -clang-build-session-file /Users/user/Library/Developer/Xcode/DerivedData/ModuleCache.noindex/Session.modulevalidation -package-name capapp_spm -Xcc -I/Users/user/Library/Developer/Xcode/DerivedData/App-dbrcbrzcbnxwuibrqytmbeozgnkz/Build/Intermediates.noindex/ArchiveIntermediates/App/IntermediateBuildFilesPath/CapApp-SPM.build/Release-iphoneos/CapApp-SPM.build/swift-overrides.hmap -emit-const-values -Xfrontend -const-gather-protocols-file -Xfrontend /Users/user/Library/Developer/Xcode/DerivedData/App-dbrcbrzcbnxwuibrqytmbeozgnkz/Build/Intermediates.noindex/ArchiveIntermediates/App/IntermediateBuildFilesPath/CapApp-SPM.build/Release-iphoneos/CapApp-SPM.build/Objects-normal/arm64/CapApp-SPM_const_extract_protocols.json -Xcc -I/Users/user/Library/Developer/Xcode/DerivedData/App-dbrcbrzcbnxwuibrqytmbeozgnkz/Build/Intermediates.noindex/ArchiveIntermediates/App/BuildProductsPath/Release-iphoneos/include -Xcc -I/Users/user/Library/Developer/Xcode/DerivedData/App-dbrcbrzcbnxwuibrqytmbeozgnkz/Build/Intermediates.noindex/ArchiveIntermediates/App/IntermediateBuildFilesPath/CapApp-SPM.build/Release-iphoneos/CapApp-SPM.build/DerivedSources-normal/arm64 -Xcc -I/Users/user/Library/Developer/Xcode/DerivedData/App-dbrcbrzcbnxwuibrqytmbeozgnkz/Build/Intermediates.noindex/ArchiveIntermediates/App/IntermediateBuildFilesPath/CapApp-SPM.build/Release-iphoneos/CapApp-SPM.build/DerivedSources/arm64 -Xcc -I/Users/user/Library/Developer/Xcode/DerivedData/App-dbrcbrzcbnxwuibrqytmbeozgnkz/Build/Intermediates.noindex/ArchiveIntermediates/App/IntermediateBuildFilesPath/CapApp-SPM.build/Release-iphoneos/CapApp-SPM.build/DerivedSources -Xcc -DSWIFT_PACKAGE -emit-objc-header -emit-objc-header-path /Users/user/Library/Developer/Xcode/DerivedData/App-dbrcbrzcbnxwuibrqytmbeozgnkz/Build/Intermediates.noindex/ArchiveIntermediates/App/IntermediateBuildFilesPath/CapApp-SPM.build/Release-iphoneos/CapApp-SPM.build/Objects-normal/arm64/CapApp-SPM-Swift.h -working-directory /Users/user/nahaber/ios/App/App.xcodeproj -no-emit-module-separately-wmo

SwiftDriver\ Compilation CapApp-SPM normal arm64 com.apple.xcode.tools.swift.compiler (in target 'CapApp-SPM' from project 'CapApp-SPM')
    cd /Users/user/nahaber/ios/App/App.xcodeproj
    builtin-Swift-Compilation -- /Applications/Xcode.app/Contents/Developer/Toolchains/XcodeDefault.xctoolchain/usr/bin/swiftc -module-name CapApp_SPM -O -whole-module-optimization @/Users/user/Library/Developer/Xcode/DerivedData/App-dbrcbrzcbnxwuibrqytmbeozgnkz/Build/Intermediates.noindex/ArchiveIntermediates/App/IntermediateBuildFilesPath/CapApp-SPM.build/Release-iphoneos/CapApp-SPM.build/Objects-normal/arm64/CapApp-SPM.SwiftFileList -DSWIFT_PACKAGE -DSWIFT_MODULE_RESOURCE_BUNDLE_UNAVAILABLE -DXcode -plugin-path /Applications/Xcode.app/Contents/Developer/Toolchains/XcodeDefault.xctoolchain/usr/lib/swift/host/plugins/testing -enable-experimental-feature DebugDescriptionMacro -sdk /Applications/Xcode.app/Contents/Developer/Platforms/iPhoneOS.platform/Developer/SDKs/iPhoneOS26.5.sdk -target arm64-apple-ios15.0 -g -module-cache-path /Users/user/Library/Developer/Xcode/DerivedData/ModuleCache.noindex -Xfrontend -serialize-debugging-options -suppress-warnings -swift-version 5 -I /Users/user/Library/Developer/Xcode/DerivedData/App-dbrcbrzcbnxwuibrqytmbeozgnkz/Build/Intermediates.noindex/ArchiveIntermediates/App/BuildProductsPath/Release-iphoneos -Isystem /Applications/Xcode.app/Contents/Developer/Platforms/iPhoneOS.platform/Developer/usr/lib -F /Users/user/Library/Developer/Xcode/DerivedData/App-dbrcbrzcbnxwuibrqytmbeozgnkz/Build/Intermediates.noindex/ArchiveIntermediates/App/BuildProductsPath/Release-iphoneos -F /Applications/Xcode.app/Contents/Developer/Platforms/iPhoneOS.platform/Developer/Library/Frameworks -F /Applications/Xcode.app/Contents/Developer/Platforms/iPhoneOS.platform/Developer/SDKs/iPhoneOS26.5.sdk/Developer/Library/Frameworks -parse-as-library -c -num-threads 10 -Xcc -ivfsstatcache -Xcc /Users/user/Library/Developer/Xcode/DerivedData/SDKStatCaches.noindex/iphoneos26.5-23F81a-32daed1954a7d5dd0789fcaf2a9bb78b.sdkstatcache -output-file-map /Users/user/Library/Developer/Xcode/DerivedData/App-dbrcbrzcbnxwuibrqytmbeozgnkz/Build/Intermediates.noindex/ArchiveIntermediates/App/IntermediateBuildFilesPath/CapApp-SPM.build/Release-iphoneos/CapApp-SPM.build/Objects-normal/arm64/CapApp-SPM-OutputFileMap.json -use-frontend-parseable-output -save-temps -no-color-diagnostics -explicit-module-build -module-cache-path /Users/user/Library/Developer/Xcode/DerivedData/App-dbrcbrzcbnxwuibrqytmbeozgnkz/Build/Intermediates.noindex/ArchiveIntermediates/App/IntermediateBuildFilesPath/SwiftExplicitPrecompiledModules -clang-scanner-module-cache-path /Users/user/Library/Developer/Xcode/DerivedData/ModuleCache.noindex -sdk-module-cache-path /Users/user/Library/Developer/Xcode/DerivedData/ModuleCache.noindex -serialize-diagnostics -emit-dependencies -emit-module -emit-module-path /Users/user/Library/Developer/Xcode/DerivedData/App-dbrcbrzcbnxwuibrqytmbeozgnkz/Build/Intermediates.noindex/ArchiveIntermediates/App/IntermediateBuildFilesPath/CapApp-SPM.build/Release-iphoneos/CapApp-SPM.build/Objects-normal/arm64/CapApp_SPM.swiftmodule -validate-clang-modules-once -clang-build-session-file /Users/user/Library/Developer/Xcode/DerivedData/ModuleCache.noindex/Session.modulevalidation -package-name capapp_spm -Xcc -I/Users/user/Library/Developer/Xcode/DerivedData/App-dbrcbrzcbnxwuibrqytmbeozgnkz/Build/Intermediates.noindex/ArchiveIntermediates/App/IntermediateBuildFilesPath/CapApp-SPM.build/Release-iphoneos/CapApp-SPM.build/swift-overrides.hmap -emit-const-values -Xfrontend -const-gather-protocols-file -Xfrontend /Users/user/Library/Developer/Xcode/DerivedData/App-dbrcbrzcbnxwuibrqytmbeozgnkz/Build/Intermediates.noindex/ArchiveIntermediates/App/IntermediateBuildFilesPath/CapApp-SPM.build/Release-iphoneos/CapApp-SPM.build/Objects-normal/arm64/CapApp-SPM_const_extract_protocols.json -Xcc -I/Users/user/Library/Developer/Xcode/DerivedData/App-dbrcbrzcbnxwuibrqytmbeozgnkz/Build/Intermediates.noindex/ArchiveIntermediates/App/BuildProductsPath/Release-iphoneos/include -Xcc -I/Users/user/Library/Developer/Xcode/DerivedData/App-dbrcbrzcbnxwuibrqytmbeozgnkz/Build/Intermediates.noindex/ArchiveIntermediates/App/IntermediateBuildFilesPath/CapApp-SPM.build/Release-iphoneos/CapApp-SPM.build/DerivedSources-normal/arm64 -Xcc -I/Users/user/Library/Developer/Xcode/DerivedData/App-dbrcbrzcbnxwuibrqytmbeozgnkz/Build/Intermediates.noindex/ArchiveIntermediates/App/IntermediateBuildFilesPath/CapApp-SPM.build/Release-iphoneos/CapApp-SPM.build/DerivedSources/arm64 -Xcc -I/Users/user/Library/Developer/Xcode/DerivedData/App-dbrcbrzcbnxwuibrqytmbeozgnkz/Build/Intermediates.noindex/ArchiveIntermediates/App/IntermediateBuildFilesPath/CapApp-SPM.build/Release-iphoneos/CapApp-SPM.build/DerivedSources -Xcc -DSWIFT_PACKAGE -emit-objc-header -emit-objc-header-path /Users/user/Library/Developer/Xcode/DerivedData/App-dbrcbrzcbnxwuibrqytmbeozgnkz/Build/Intermediates.noindex/ArchiveIntermediates/App/IntermediateBuildFilesPath/CapApp-SPM.build/Release-iphoneos/CapApp-SPM.build/Objects-normal/arm64/CapApp-SPM-Swift.h -working-directory /Users/user/nahaber/ios/App/App.xcodeproj -no-emit-module-separately-wmo

SwiftCompile normal arm64 Compiling\ CapApp-SPM.swift /Users/user/nahaber/ios/App/CapApp-SPM/Sources/CapApp-SPM/CapApp-SPM.swift /Applications/Xcode.app/Contents/Developer/Toolchains/XcodeDefault.xctoolchain/usr/lib/swift/iphoneos/prebuilt-modules/26.5/_StringProcessing.swiftmodule/arm64e-apple-ios.swiftmodule /Applications/Xcode.app/Contents/Developer/Toolchains/XcodeDefault.xctoolchain/usr/lib/swift/iphoneos/prebuilt-modules/26.5/Swift.swiftmodule/arm64e-apple-ios.swiftmodule /Applications/Xcode.app/Contents/Developer/Toolchains/XcodeDefault.xctoolchain/usr/lib/swift/iphoneos/prebuilt-modules/26.5/_Concurrency.swiftmodule/arm64e-apple-ios.swiftmodule /Users/user/Library/Developer/Xcode/DerivedData/ModuleCache.noindex/_SwiftConcurrencyShims-AHX7MR3R6G6MZT0I8DHEGOWG0.pcm /Users/user/Library/Developer/Xcode/DerivedData/ModuleCache.noindex/SwiftShims-BBU2J8FY2VWKGW8U3K3CEXH83.pcm /Users/user/Library/Developer/Xcode/DerivedData/App-dbrcbrzcbnxwuibrqytmbeozgnkz/Build/Intermediates.noindex/ArchiveIntermediates/App/IntermediateBuildFilesPath/CapApp-SPM.build/Release-iphoneos/CapApp-SPM.build/Objects-normal/arm64/CapApp_SPM-dependencies-1.json (in target 'CapApp-SPM' from project 'CapApp-SPM')

SwiftCompile normal arm64 /Users/user/nahaber/ios/App/CapApp-SPM/Sources/CapApp-SPM/CapApp-SPM.swift (in target 'CapApp-SPM' from project 'CapApp-SPM')
    cd /Users/user/nahaber/ios/App/App.xcodeproj
    

SwiftDriverJobDiscovery normal arm64 Compiling CapApp-SPM.swift (in target 'CapApp-SPM' from project 'CapApp-SPM')

SwiftDriver\ Compilation\ Requirements CapApp-SPM normal arm64 com.apple.xcode.tools.swift.compiler (in target 'CapApp-SPM' from project 'CapApp-SPM')
    cd /Users/user/nahaber/ios/App/App.xcodeproj
    builtin-Swift-Compilation-Requirements -- /Applications/Xcode.app/Contents/Developer/Toolchains/XcodeDefault.xctoolchain/usr/bin/swiftc -module-name CapApp_SPM -O -whole-module-optimization @/Users/user/Library/Developer/Xcode/DerivedData/App-dbrcbrzcbnxwuibrqytmbeozgnkz/Build/Intermediates.noindex/ArchiveIntermediates/App/IntermediateBuildFilesPath/CapApp-SPM.build/Release-iphoneos/CapApp-SPM.build/Objects-normal/arm64/CapApp-SPM.SwiftFileList -DSWIFT_PACKAGE -DSWIFT_MODULE_RESOURCE_BUNDLE_UNAVAILABLE -DXcode -plugin-path /Applications/Xcode.app/Contents/Developer/Toolchains/XcodeDefault.xctoolchain/usr/lib/swift/host/plugins/testing -enable-experimental-feature DebugDescriptionMacro -sdk /Applications/Xcode.app/Contents/Developer/Platforms/iPhoneOS.platform/Developer/SDKs/iPhoneOS26.5.sdk -target arm64-apple-ios15.0 -g -module-cache-path /Users/user/Library/Developer/Xcode/DerivedData/ModuleCache.noindex -Xfrontend -serialize-debugging-options -suppress-warnings -swift-version 5 -I /Users/user/Library/Developer/Xcode/DerivedData/App-dbrcbrzcbnxwuibrqytmbeozgnkz/Build/Intermediates.noindex/ArchiveIntermediates/App/BuildProductsPath/Release-iphoneos -Isystem /Applications/Xcode.app/Contents/Developer/Platforms/iPhoneOS.platform/Developer/usr/lib -F /Users/user/Library/Developer/Xcode/DerivedData/App-dbrcbrzcbnxwuibrqytmbeozgnkz/Build/Intermediates.noindex/ArchiveIntermediates/App/BuildProductsPath/Release-iphoneos -F /Applications/Xcode.app/Contents/Developer/Platforms/iPhoneOS.platform/Developer/Library/Frameworks -F /Applications/Xcode.app/Contents/Developer/Platforms/iPhoneOS.platform/Developer/SDKs/iPhoneOS26.5.sdk/Developer/Library/Frameworks -parse-as-library -c -num-threads 10 -Xcc -ivfsstatcache -Xcc /Users/user/Library/Developer/Xcode/DerivedData/SDKStatCaches.noindex/iphoneos26.5-23F81a-32daed1954a7d5dd0789fcaf2a9bb78b.sdkstatcache -output-file-map /Users/user/Library/Developer/Xcode/DerivedData/App-dbrcbrzcbnxwuibrqytmbeozgnkz/Build/Intermediates.noindex/ArchiveIntermediates/App/IntermediateBuildFilesPath/CapApp-SPM.build/Release-iphoneos/CapApp-SPM.build/Objects-normal/arm64/CapApp-SPM-OutputFileMap.json -use-frontend-parseable-output -save-temps -no-color-diagnostics -explicit-module-build -module-cache-path /Users/user/Library/Developer/Xcode/DerivedData/App-dbrcbrzcbnxwuibrqytmbeozgnkz/Build/Intermediates.noindex/ArchiveIntermediates/App/IntermediateBuildFilesPath/SwiftExplicitPrecompiledModules -clang-scanner-module-cache-path /Users/user/Library/Developer/Xcode/DerivedData/ModuleCache.noindex -sdk-module-cache-path /Users/user/Library/Developer/Xcode/DerivedData/ModuleCache.noindex -serialize-diagnostics -emit-dependencies -emit-module -emit-module-path /Users/user/Library/Developer/Xcode/DerivedData/App-dbrcbrzcbnxwuibrqytmbeozgnkz/Build/Intermediates.noindex/ArchiveIntermediates/App/IntermediateBuildFilesPath/CapApp-SPM.build/Release-iphoneos/CapApp-SPM.build/Objects-normal/arm64/CapApp_SPM.swiftmodule -validate-clang-modules-once -clang-build-session-file /Users/user/Library/Developer/Xcode/DerivedData/ModuleCache.noindex/Session.modulevalidation -package-name capapp_spm -Xcc -I/Users/user/Library/Developer/Xcode/DerivedData/App-dbrcbrzcbnxwuibrqytmbeozgnkz/Build/Intermediates.noindex/ArchiveIntermediates/App/IntermediateBuildFilesPath/CapApp-SPM.build/Release-iphoneos/CapApp-SPM.build/swift-overrides.hmap -emit-const-values -Xfrontend -const-gather-protocols-file -Xfrontend /Users/user/Library/Developer/Xcode/DerivedData/App-dbrcbrzcbnxwuibrqytmbeozgnkz/Build/Intermediates.noindex/ArchiveIntermediates/App/IntermediateBuildFilesPath/CapApp-SPM.build/Release-iphoneos/CapApp-SPM.build/Objects-normal/arm64/CapApp-SPM_const_extract_protocols.json -Xcc -I/Users/user/Library/Developer/Xcode/DerivedData/App-dbrcbrzcbnxwuibrqytmbeozgnkz/Build/Intermediates.noindex/ArchiveIntermediates/App/BuildProductsPath/Release-iphoneos/include -Xcc -I/Users/user/Library/Developer/Xcode/DerivedData/App-dbrcbrzcbnxwuibrqytmbeozgnkz/Build/Intermediates.noindex/ArchiveIntermediates/App/IntermediateBuildFilesPath/CapApp-SPM.build/Release-iphoneos/CapApp-SPM.build/DerivedSources-normal/arm64 -Xcc -I/Users/user/Library/Developer/Xcode/DerivedData/App-dbrcbrzcbnxwuibrqytmbeozgnkz/Build/Intermediates.noindex/ArchiveIntermediates/App/IntermediateBuildFilesPath/CapApp-SPM.build/Release-iphoneos/CapApp-SPM.build/DerivedSources/arm64 -Xcc -I/Users/user/Library/Developer/Xcode/DerivedData/App-dbrcbrzcbnxwuibrqytmbeozgnkz/Build/Intermediates.noindex/ArchiveIntermediates/App/IntermediateBuildFilesPath/CapApp-SPM.build/Release-iphoneos/CapApp-SPM.build/DerivedSources -Xcc -DSWIFT_PACKAGE -emit-objc-header -emit-objc-header-path /Users/user/Library/Developer/Xcode/DerivedData/App-dbrcbrzcbnxwuibrqytmbeozgnkz/Build/Intermediates.noindex/ArchiveIntermediates/App/IntermediateBuildFilesPath/CapApp-SPM.build/Release-iphoneos/CapApp-SPM.build/Objects-normal/arm64/CapApp-SPM-Swift.h -working-directory /Users/user/nahaber/ios/App/App.xcodeproj -no-emit-module-separately-wmo

SwiftMergeGeneratedHeaders /Users/user/Library/Developer/Xcode/DerivedData/App-dbrcbrzcbnxwuibrqytmbeozgnkz/Build/Intermediates.noindex/ArchiveIntermediates/App/IntermediateBuildFilesPath/GeneratedModuleMaps-iphoneos/CapApp-SPM-Swift.h /Users/user/Library/Developer/Xcode/DerivedData/App-dbrcbrzcbnxwuibrqytmbeozgnkz/Build/Intermediates.noindex/ArchiveIntermediates/App/IntermediateBuildFilesPath/CapApp-SPM.build/Release-iphoneos/CapApp-SPM.build/Objects-normal/arm64/CapApp-SPM-Swift.h (in target 'CapApp-SPM' from project 'CapApp-SPM')
    cd /Users/user/nahaber/ios/App/CapApp-SPM
    builtin-swiftHeaderTool -arch arm64 /Users/user/Library/Developer/Xcode/DerivedData/App-dbrcbrzcbnxwuibrqytmbeozgnkz/Build/Intermediates.noindex/ArchiveIntermediates/App/IntermediateBuildFilesPath/CapApp-SPM.build/Release-iphoneos/CapApp-SPM.build/Objects-normal/arm64/CapApp-SPM-Swift.h -o /Users/user/Library/Developer/Xcode/DerivedData/App-dbrcbrzcbnxwuibrqytmbeozgnkz/Build/Intermediates.noindex/ArchiveIntermediates/App/IntermediateBuildFilesPath/GeneratedModuleMaps-iphoneos/CapApp-SPM-Swift.h

Copy /Users/user/Library/Developer/Xcode/DerivedData/App-dbrcbrzcbnxwuibrqytmbeozgnkz/Build/Intermediates.noindex/ArchiveIntermediates/App/BuildProductsPath/Release-iphoneos/CapApp_SPM.swiftmodule/arm64-apple-ios.swiftdoc /Users/user/Library/Developer/Xcode/DerivedData/App-dbrcbrzcbnxwuibrqytmbeozgnkz/Build/Intermediates.noindex/ArchiveIntermediates/App/IntermediateBuildFilesPath/CapApp-SPM.build/Release-iphoneos/CapApp-SPM.build/Objects-normal/arm64/CapApp_SPM.swiftdoc (in target 'CapApp-SPM' from project 'CapApp-SPM')
    cd /Users/user/nahaber/ios/App/CapApp-SPM
    builtin-copy -exclude .DS_Store -exclude CVS -exclude .svn -exclude .git -exclude .hg -strip-unsigned-binaries -strip-deterministic -strip-tool /Applications/Xcode.app/Contents/Developer/Toolchains/XcodeDefault.xctoolchain/usr/bin/strip -resolve-src-symlinks -rename /Users/user/Library/Developer/Xcode/DerivedData/App-dbrcbrzcbnxwuibrqytmbeozgnkz/Build/Intermediates.noindex/ArchiveIntermediates/App/IntermediateBuildFilesPath/CapApp-SPM.build/Release-iphoneos/CapApp-SPM.build/Objects-normal/arm64/CapApp_SPM.swiftdoc /Users/user/Library/Developer/Xcode/DerivedData/App-dbrcbrzcbnxwuibrqytmbeozgnkz/Build/Intermediates.noindex/ArchiveIntermediates/App/BuildProductsPath/Release-iphoneos/CapApp_SPM.swiftmodule/arm64-apple-ios.swiftdoc

Copy /Users/user/Library/Developer/Xcode/DerivedData/App-dbrcbrzcbnxwuibrqytmbeozgnkz/Build/Intermediates.noindex/ArchiveIntermediates/App/BuildProductsPath/Release-iphoneos/CapApp_SPM.swiftmodule/arm64-apple-ios.abi.json /Users/user/Library/Developer/Xcode/DerivedData/App-dbrcbrzcbnxwuibrqytmbeozgnkz/Build/Intermediates.noindex/ArchiveIntermediates/App/IntermediateBuildFilesPath/CapApp-SPM.build/Release-iphoneos/CapApp-SPM.build/Objects-normal/arm64/CapApp_SPM.abi.json (in target 'CapApp-SPM' from project 'CapApp-SPM')
    cd /Users/user/nahaber/ios/App/CapApp-SPM
    builtin-copy -exclude .DS_Store -exclude CVS -exclude .svn -exclude .git -exclude .hg -strip-unsigned-binaries -strip-deterministic -strip-tool /Applications/Xcode.app/Contents/Developer/Toolchains/XcodeDefault.xctoolchain/usr/bin/strip -resolve-src-symlinks -rename /Users/user/Library/Developer/Xcode/DerivedData/App-dbrcbrzcbnxwuibrqytmbeozgnkz/Build/Intermediates.noindex/ArchiveIntermediates/App/IntermediateBuildFilesPath/CapApp-SPM.build/Release-iphoneos/CapApp-SPM.build/Objects-normal/arm64/CapApp_SPM.abi.json /Users/user/Library/Developer/Xcode/DerivedData/App-dbrcbrzcbnxwuibrqytmbeozgnkz/Build/Intermediates.noindex/ArchiveIntermediates/App/BuildProductsPath/Release-iphoneos/CapApp_SPM.swiftmodule/arm64-apple-ios.abi.json

Copy /Users/user/Library/Developer/Xcode/DerivedData/App-dbrcbrzcbnxwuibrqytmbeozgnkz/Build/Intermediates.noindex/ArchiveIntermediates/App/BuildProductsPath/Release-iphoneos/CapApp_SPM.swiftmodule/arm64-apple-ios.swiftmodule /Users/user/Library/Developer/Xcode/DerivedData/App-dbrcbrzcbnxwuibrqytmbeozgnkz/Build/Intermediates.noindex/ArchiveIntermediates/App/IntermediateBuildFilesPath/CapApp-SPM.build/Release-iphoneos/CapApp-SPM.build/Objects-normal/arm64/CapApp_SPM.swiftmodule (in target 'CapApp-SPM' from project 'CapApp-SPM')
    cd /Users/user/nahaber/ios/App/CapApp-SPM
    builtin-copy -exclude .DS_Store -exclude CVS -exclude .svn -exclude .git -exclude .hg -strip-unsigned-binaries -strip-deterministic -strip-tool /Applications/Xcode.app/Contents/Developer/Toolchains/XcodeDefault.xctoolchain/usr/bin/strip -resolve-src-symlinks -rename /Users/user/Library/Developer/Xcode/DerivedData/App-dbrcbrzcbnxwuibrqytmbeozgnkz/Build/Intermediates.noindex/ArchiveIntermediates/App/IntermediateBuildFilesPath/CapApp-SPM.build/Release-iphoneos/CapApp-SPM.build/Objects-normal/arm64/CapApp_SPM.swiftmodule /Users/user/Library/Developer/Xcode/DerivedData/App-dbrcbrzcbnxwuibrqytmbeozgnkz/Build/Intermediates.noindex/ArchiveIntermediates/App/BuildProductsPath/Release-iphoneos/CapApp_SPM.swiftmodule/arm64-apple-ios.swiftmodule

Ld /Users/user/Library/Developer/Xcode/DerivedData/App-dbrcbrzcbnxwuibrqytmbeozgnkz/Build/Intermediates.noindex/ArchiveIntermediates/App/IntermediateBuildFilesPath/UninstalledProducts/iphoneos/CapApp-SPM.o normal (in target 'CapApp-SPM' from project 'CapApp-SPM')
    cd /Users/user/nahaber/ios/App/CapApp-SPM
    /Applications/Xcode.app/Contents/Developer/Toolchains/XcodeDefault.xctoolchain/usr/bin/clang -Xlinker -reproducible -target arm64-apple-ios15.0 -r -isysroot /Applications/Xcode.app/Contents/Developer/Platforms/iPhoneOS.platform/Developer/SDKs/iPhoneOS26.5.sdk -Os -w -F/Users/user/Library/Developer/Xcode/DerivedData/App-dbrcbrzcbnxwuibrqytmbeozgnkz/Build/Intermediates.noindex/ArchiveIntermediates/App/IntermediateBuildFilesPath/EagerLinkingTBDs/Release-iphoneos -F/Users/user/Library/Developer/Xcode/DerivedData/App-dbrcbrzcbnxwuibrqytmbeozgnkz/Build/Intermediates.noindex/ArchiveIntermediates/App/BuildProductsPath/Release-iphoneos -iframework /Applications/Xcode.app/Contents/Developer/Platforms/iPhoneOS.platform/Developer/Library/Frameworks -iframework /Applications/Xcode.app/Contents/Developer/Platforms/iPhoneOS.platform/Developer/SDKs/iPhoneOS26.5.sdk/Developer/Library/Frameworks -filelist /Users/user/Library/Developer/Xcode/DerivedData/App-dbrcbrzcbnxwuibrqytmbeozgnkz/Build/Intermediates.noindex/ArchiveIntermediates/App/IntermediateBuildFilesPath/CapApp-SPM.build/Release-iphoneos/CapApp-SPM.build/Objects-normal/arm64/CapApp-SPM.LinkFileList -nostdlib -Xlinker -object_path_lto -Xlinker /Users/user/Library/Developer/Xcode/DerivedData/App-dbrcbrzcbnxwuibrqytmbeozgnkz/Build/Intermediates.noindex/ArchiveIntermediates/App/IntermediateBuildFilesPath/CapApp-SPM.build/Release-iphoneos/CapApp-SPM.build/Objects-normal/arm64/CapApp-SPM_lto.o -Xlinker -dependency_info -Xlinker /Users/user/Library/Developer/Xcode/DerivedData/App-dbrcbrzcbnxwuibrqytmbeozgnkz/Build/Intermediates.noindex/ArchiveIntermediates/App/IntermediateBuildFilesPath/CapApp-SPM.build/Release-iphoneos/CapApp-SPM.build/Objects-normal/arm64/CapApp-SPM_dependency_info.dat -fobjc-link-runtime -L/Applications/Xcode.app/Contents/Developer/Toolchains/XcodeDefault.xctoolchain/usr/lib/swift/iphoneos -L/usr/lib/swift -Xlinker -add_ast_path -Xlinker /Users/user/Library/Developer/Xcode/DerivedData/App-dbrcbrzcbnxwuibrqytmbeozgnkz/Build/Intermediates.noindex/ArchiveIntermediates/App/IntermediateBuildFilesPath/CapApp-SPM.build/Release-iphoneos/CapApp-SPM.build/Objects-normal/arm64/CapApp_SPM.swiftmodule @/Users/user/Library/Developer/Xcode/DerivedData/App-dbrcbrzcbnxwuibrqytmbeozgnkz/Build/Intermediates.noindex/ArchiveIntermediates/App/IntermediateBuildFilesPath/CapApp-SPM.build/Release-iphoneos/CapApp-SPM.build/Objects-normal/arm64/CapApp_SPM-linker-args.resp -o /Users/user/Library/Developer/Xcode/DerivedData/App-dbrcbrzcbnxwuibrqytmbeozgnkz/Build/Intermediates.noindex/ArchiveIntermediates/App/IntermediateBuildFilesPath/UninstalledProducts/iphoneos/CapApp-SPM.o

ProcessProductPackaging "" /Users/user/Library/Developer/Xcode/DerivedData/App-dbrcbrzcbnxwuibrqytmbeozgnkz/Build/Intermediates.noindex/ArchiveIntermediates/App/IntermediateBuildFilesPath/App.build/Release-iphoneos/App.build/App.app.xcent (in target 'App' from project 'App')
    cd /Users/user/nahaber/ios/App
    
    Entitlements:
    
    {
    "application-identifier" = "VMZA353GB7.com.nahaber.app";
    "beta-reports-active" = 1;
    "com.apple.developer.team-identifier" = VMZA353GB7;
    "get-task-allow" = 0;
}
    
    builtin-productPackagingUtility -entitlements -format xml -o /Users/user/Library/Developer/Xcode/DerivedData/App-dbrcbrzcbnxwuibrqytmbeozgnkz/Build/Intermediates.noindex/ArchiveIntermediates/App/IntermediateBuildFilesPath/App.build/Release-iphoneos/App.build/App.app.xcent

ProcessProductPackaging /Users/user/Library/MobileDevice/Provisioning\ Profiles/b57b305d-5c22-4ea6-9203-64925af77bf0.mobileprovision /Users/user/Library/Developer/Xcode/DerivedData/App-dbrcbrzcbnxwuibrqytmbeozgnkz/Build/Intermediates.noindex/ArchiveIntermediates/App/InstallationBuildProductsLocation/Applications/App.app/embedded.mobileprovision (in target 'App' from project 'App')
    cd /Users/user/nahaber/ios/App
    builtin-productPackagingUtility /Users/user/Library/MobileDevice/Provisioning\ Profiles/b57b305d-5c22-4ea6-9203-64925af77bf0.mobileprovision -o /Users/user/Library/Developer/Xcode/DerivedData/App-dbrcbrzcbnxwuibrqytmbeozgnkz/Build/Intermediates.noindex/ArchiveIntermediates/App/InstallationBuildProductsLocation/Applications/App.app/embedded.mobileprovision

ProcessProductPackagingDER /Users/user/Library/Developer/Xcode/DerivedData/App-dbrcbrzcbnxwuibrqytmbeozgnkz/Build/Intermediates.noindex/ArchiveIntermediates/App/IntermediateBuildFilesPath/App.build/Release-iphoneos/App.build/App.app.xcent /Users/user/Library/Developer/Xcode/DerivedData/App-dbrcbrzcbnxwuibrqytmbeozgnkz/Build/Intermediates.noindex/ArchiveIntermediates/App/IntermediateBuildFilesPath/App.build/Release-iphoneos/App.build/App.app.xcent.der (in target 'App' from project 'App')
    cd /Users/user/nahaber/ios/App
    /usr/bin/derq query -f xml -i /Users/user/Library/Developer/Xcode/DerivedData/App-dbrcbrzcbnxwuibrqytmbeozgnkz/Build/Intermediates.noindex/ArchiveIntermediates/App/IntermediateBuildFilesPath/App.build/Release-iphoneos/App.build/App.app.xcent -o /Users/user/Library/Developer/Xcode/DerivedData/App-dbrcbrzcbnxwuibrqytmbeozgnkz/Build/Intermediates.noindex/ArchiveIntermediates/App/IntermediateBuildFilesPath/App.build/Release-iphoneos/App.build/App.app.xcent.der --raw

GenerateAssetSymbols /Users/user/nahaber/ios/App/App/Assets.xcassets (in target 'App' from project 'App')
    cd /Users/user/nahaber/ios/App
    /Applications/Xcode.app/Contents/Developer/usr/bin/actool /Users/user/nahaber/ios/App/App/Assets.xcassets --compile /Users/user/Library/Developer/Xcode/DerivedData/App-dbrcbrzcbnxwuibrqytmbeozgnkz/Build/Intermediates.noindex/ArchiveIntermediates/App/InstallationBuildProductsLocation/Applications/App.app --output-format human-readable-text --notices --warnings --export-dependency-info /Users/user/Library/Developer/Xcode/DerivedData/App-dbrcbrzcbnxwuibrqytmbeozgnkz/Build/Intermediates.noindex/ArchiveIntermediates/App/IntermediateBuildFilesPath/App.build/Release-iphoneos/App.build/assetcatalog_dependencies --output-partial-info-plist /Users/user/Library/Developer/Xcode/DerivedData/App-dbrcbrzcbnxwuibrqytmbeozgnkz/Build/Intermediates.noindex/ArchiveIntermediates/App/IntermediateBuildFilesPath/App.build/Release-iphoneos/App.build/assetcatalog_generated_info.plist --app-icon AppIcon --compress-pngs --enable-on-demand-resources YES --development-region en --target-device iphone --target-device ipad --minimum-deployment-target 15.0 --platform iphoneos --bundle-identifier com.nahaber.app --generate-swift-asset-symbol-extensions NO --generate-swift-asset-symbols /Users/user/Library/Developer/Xcode/DerivedData/App-dbrcbrzcbnxwuibrqytmbeozgnkz/Build/Intermediates.noindex/ArchiveIntermediates/App/IntermediateBuildFilesPath/App.build/Release-iphoneos/App.build/DerivedSources/GeneratedAssetSymbols.swift --generate-objc-asset-symbols /Users/user/Library/Developer/Xcode/DerivedData/App-dbrcbrzcbnxwuibrqytmbeozgnkz/Build/Intermediates.noindex/ArchiveIntermediates/App/IntermediateBuildFilesPath/App.build/Release-iphoneos/App.build/DerivedSources/GeneratedAssetSymbols.h --generate-asset-symbol-index /Users/user/Library/Developer/Xcode/DerivedData/App-dbrcbrzcbnxwuibrqytmbeozgnkz/Build/Intermediates.noindex/ArchiveIntermediates/App/IntermediateBuildFilesPath/App.build/Release-iphoneos/App.build/DerivedSources/GeneratedAssetSymbols-Index.plist
/* com.apple.actool.compilation-results */
/Users/user/Library/Developer/Xcode/DerivedData/App-dbrcbrzcbnxwuibrqytmbeozgnkz/Build/Intermediates.noindex/ArchiveIntermediates/App/IntermediateBuildFilesPath/App.build/Release-iphoneos/App.build/DerivedSources/GeneratedAssetSymbols-Index.plist
/Users/user/Library/Developer/Xcode/DerivedData/App-dbrcbrzcbnxwuibrqytmbeozgnkz/Build/Intermediates.noindex/ArchiveIntermediates/App/IntermediateBuildFilesPath/App.build/Release-iphoneos/App.build/DerivedSources/GeneratedAssetSymbols.h
/Users/user/Library/Developer/Xcode/DerivedData/App-dbrcbrzcbnxwuibrqytmbeozgnkz/Build/Intermediates.noindex/ArchiveIntermediates/App/IntermediateBuildFilesPath/App.build/Release-iphoneos/App.build/DerivedSources/GeneratedAssetSymbols.swift


MkDir /Users/user/Library/Developer/Xcode/DerivedData/App-dbrcbrzcbnxwuibrqytmbeozgnkz/Build/Intermediates.noindex/ArchiveIntermediates/App/IntermediateBuildFilesPath/App.build/Release-iphoneos/App.build/assetcatalog_output/unthinned (in target 'App' from project 'App')
    cd /Users/user/nahaber/ios/App
    /bin/mkdir -p /Users/user/Library/Developer/Xcode/DerivedData/App-dbrcbrzcbnxwuibrqytmbeozgnkz/Build/Intermediates.noindex/ArchiveIntermediates/App/IntermediateBuildFilesPath/App.build/Release-iphoneos/App.build/assetcatalog_output/unthinned

MkDir /Users/user/Library/Developer/Xcode/DerivedData/App-dbrcbrzcbnxwuibrqytmbeozgnkz/Build/Intermediates.noindex/ArchiveIntermediates/App/IntermediateBuildFilesPath/App.build/Release-iphoneos/App.build/assetcatalog_output/thinned (in target 'App' from project 'App')
    cd /Users/user/nahaber/ios/App
    /bin/mkdir -p /Users/user/Library/Developer/Xcode/DerivedData/App-dbrcbrzcbnxwuibrqytmbeozgnkz/Build/Intermediates.noindex/ArchiveIntermediates/App/IntermediateBuildFilesPath/App.build/Release-iphoneos/App.build/assetcatalog_output/thinned

CompileAssetCatalogVariant thinned /Users/user/Library/Developer/Xcode/DerivedData/App-dbrcbrzcbnxwuibrqytmbeozgnkz/Build/Intermediates.noindex/ArchiveIntermediates/App/InstallationBuildProductsLocation/Applications/App.app /Users/user/nahaber/ios/App/App/Assets.xcassets (in target 'App' from project 'App')
    cd /Users/user/nahaber/ios/App
    /Applications/Xcode.app/Contents/Developer/usr/bin/actool /Users/user/nahaber/ios/App/App/Assets.xcassets --compile /Users/user/Library/Developer/Xcode/DerivedData/App-dbrcbrzcbnxwuibrqytmbeozgnkz/Build/Intermediates.noindex/ArchiveIntermediates/App/IntermediateBuildFilesPath/App.build/Release-iphoneos/App.build/assetcatalog_output/thinned --output-format human-readable-text --notices --warnings --export-dependency-info /Users/user/Library/Developer/Xcode/DerivedData/App-dbrcbrzcbnxwuibrqytmbeozgnkz/Build/Intermediates.noindex/ArchiveIntermediates/App/IntermediateBuildFilesPath/App.build/Release-iphoneos/App.build/assetcatalog_dependencies_thinned --output-partial-info-plist /Users/user/Library/Developer/Xcode/DerivedData/App-dbrcbrzcbnxwuibrqytmbeozgnkz/Build/Intermediates.noindex/ArchiveIntermediates/App/IntermediateBuildFilesPath/App.build/Release-iphoneos/App.build/assetcatalog_generated_info.plist_thinned --app-icon AppIcon --compress-pngs --enable-on-demand-resources YES --development-region en --target-device iphone --target-device ipad --minimum-deployment-target 15.0 --platform iphoneos
/* com.apple.actool.compilation-results */
/Users/user/Library/Developer/Xcode/DerivedData/App-dbrcbrzcbnxwuibrqytmbeozgnkz/Build/Intermediates.noindex/ArchiveIntermediates/App/IntermediateBuildFilesPath/App.build/Release-iphoneos/App.build/assetcatalog_generated_info.plist_thinned
/Users/user/Library/Developer/Xcode/DerivedData/App-dbrcbrzcbnxwuibrqytmbeozgnkz/Build/Intermediates.noindex/ArchiveIntermediates/App/IntermediateBuildFilesPath/App.build/Release-iphoneos/App.build/assetcatalog_output/thinned/AppIcon60x60@2x.png
/Users/user/Library/Developer/Xcode/DerivedData/App-dbrcbrzcbnxwuibrqytmbeozgnkz/Build/Intermediates.noindex/ArchiveIntermediates/App/IntermediateBuildFilesPath/App.build/Release-iphoneos/App.build/assetcatalog_output/thinned/AppIcon76x76@2x~ipad.png
/Users/user/Library/Developer/Xcode/DerivedData/App-dbrcbrzcbnxwuibrqytmbeozgnkz/Build/Intermediates.noindex/ArchiveIntermediates/App/IntermediateBuildFilesPath/App.build/Release-iphoneos/App.build/assetcatalog_output/thinned/Assets.car


SwiftDriver App normal arm64 com.apple.xcode.tools.swift.compiler (in target 'App' from project 'App')
    cd /Users/user/nahaber/ios/App
    builtin-SwiftDriver -- /Applications/Xcode.app/Contents/Developer/Toolchains/XcodeDefault.xctoolchain/usr/bin/swiftc -module-name App -O -whole-module-optimization @/Users/user/Library/Developer/Xcode/DerivedData/App-dbrcbrzcbnxwuibrqytmbeozgnkz/Build/Intermediates.noindex/ArchiveIntermediates/App/IntermediateBuildFilesPath/App.build/Release-iphoneos/App.build/Objects-normal/arm64/App.SwiftFileList -enable-bare-slash-regex -enable-experimental-feature DebugDescriptionMacro -sdk /Applications/Xcode.app/Contents/Developer/Platforms/iPhoneOS.platform/Developer/SDKs/iPhoneOS26.5.sdk -target arm64-apple-ios15.0 -g -module-cache-path /Users/user/Library/Developer/Xcode/DerivedData/ModuleCache.noindex -Xfrontend -serialize-debugging-options -swift-version 5 -I /Users/user/Library/Developer/Xcode/DerivedData/App-dbrcbrzcbnxwuibrqytmbeozgnkz/Build/Intermediates.noindex/ArchiveIntermediates/App/BuildProductsPath/Release-iphoneos -F /Users/user/Library/Developer/Xcode/DerivedData/App-dbrcbrzcbnxwuibrqytmbeozgnkz/Build/Intermediates.noindex/ArchiveIntermediates/App/BuildProductsPath/Release-iphoneos/PackageFrameworks -F /Users/user/Library/Developer/Xcode/DerivedData/App-dbrcbrzcbnxwuibrqytmbeozgnkz/Build/Intermediates.noindex/ArchiveIntermediates/App/BuildProductsPath/Release-iphoneos -c -num-threads 10 -Xcc -ivfsstatcache -Xcc /Users/user/Library/Developer/Xcode/DerivedData/SDKStatCaches.noindex/iphoneos26.5-23F81a-32daed1954a7d5dd0789fcaf2a9bb78b.sdkstatcache -output-file-map /Users/user/Library/Developer/Xcode/DerivedData/App-dbrcbrzcbnxwuibrqytmbeozgnkz/Build/Intermediates.noindex/ArchiveIntermediates/App/IntermediateBuildFilesPath/App.build/Release-iphoneos/App.build/Objects-normal/arm64/App-OutputFileMap.json -use-frontend-parseable-output -save-temps -no-color-diagnostics -explicit-module-build -module-cache-path /Users/user/Library/Developer/Xcode/DerivedData/App-dbrcbrzcbnxwuibrqytmbeozgnkz/Build/Intermediates.noindex/ArchiveIntermediates/App/IntermediateBuildFilesPath/SwiftExplicitPrecompiledModules -clang-scanner-module-cache-path /Users/user/Library/Developer/Xcode/DerivedData/ModuleCache.noindex -sdk-module-cache-path /Users/user/Library/Developer/Xcode/DerivedData/ModuleCache.noindex -serialize-diagnostics -emit-dependencies -emit-module -emit-module-path /Users/user/Library/Developer/Xcode/DerivedData/App-dbrcbrzcbnxwuibrqytmbeozgnkz/Build/Intermediates.noindex/ArchiveIntermediates/App/IntermediateBuildFilesPath/App.build/Release-iphoneos/App.build/Objects-normal/arm64/App.swiftmodule -validate-clang-modules-once -clang-build-session-file /Users/user/Library/Developer/Xcode/DerivedData/ModuleCache.noindex/Session.modulevalidation -Xcc -I/Users/user/Library/Developer/Xcode/DerivedData/App-dbrcbrzcbnxwuibrqytmbeozgnkz/Build/Intermediates.noindex/ArchiveIntermediates/App/IntermediateBuildFilesPath/App.build/Release-iphoneos/App.build/swift-overrides.hmap -emit-const-values -Xfrontend -const-gather-protocols-file -Xfrontend /Users/user/Library/Developer/Xcode/DerivedData/App-dbrcbrzcbnxwuibrqytmbeozgnkz/Build/Intermediates.noindex/ArchiveIntermediates/App/IntermediateBuildFilesPath/App.build/Release-iphoneos/App.build/Objects-normal/arm64/App_const_extract_protocols.json -Xcc -iquote -Xcc /Users/user/Library/Developer/Xcode/DerivedData/App-dbrcbrzcbnxwuibrqytmbeozgnkz/Build/Intermediates.noindex/ArchiveIntermediates/App/IntermediateBuildFilesPath/App.build/Release-iphoneos/App.build/App-generated-files.hmap -Xcc -I/Users/user/Library/Developer/Xcode/DerivedData/App-dbrcbrzcbnxwuibrqytmbeozgnkz/Build/Intermediates.noindex/ArchiveIntermediates/App/IntermediateBuildFilesPath/App.build/Release-iphoneos/App.build/App-own-target-headers.hmap -Xcc -I/Users/user/Library/Developer/Xcode/DerivedData/App-dbrcbrzcbnxwuibrqytmbeozgnkz/Build/Intermediates.noindex/ArchiveIntermediates/App/IntermediateBuildFilesPath/App.build/Release-iphoneos/App.build/App-all-non-framework-target-headers.hmap -Xcc -ivfsoverlay -Xcc /Users/user/Library/Developer/Xcode/DerivedData/App-dbrcbrzcbnxwuibrqytmbeozgnkz/Build/Intermediates.noindex/ArchiveIntermediates/App/IntermediateBuildFilesPath/App.build/Release-iphoneos/App-0ca3007d900a678c2b4d53418799ee3d-VFS-iphoneos/all-product-headers.yaml -Xcc -iquote -Xcc /Users/user/Library/Developer/Xcode/DerivedData/App-dbrcbrzcbnxwuibrqytmbeozgnkz/Build/Intermediates.noindex/ArchiveIntermediates/App/IntermediateBuildFilesPath/App.build/Release-iphoneos/App.build/App-project-headers.hmap -Xcc -I/Users/user/Library/Developer/Xcode/DerivedData/App-dbrcbrzcbnxwuibrqytmbeozgnkz/Build/Intermediates.noindex/ArchiveIntermediates/App/BuildProductsPath/Release-iphoneos/include -Xcc -I/Users/user/Library/Developer/Xcode/DerivedData/App-dbrcbrzcbnxwuibrqytmbeozgnkz/Build/Intermediates.noindex/ArchiveIntermediates/App/IntermediateBuildFilesPath/App.build/Release-iphoneos/App.build/DerivedSources-normal/arm64 -Xcc -I/Users/user/Library/Developer/Xcode/DerivedData/App-dbrcbrzcbnxwuibrqytmbeozgnkz/Build/Intermediates.noindex/ArchiveIntermediates/App/IntermediateBuildFilesPath/App.build/Release-iphoneos/App.build/DerivedSources/arm64 -Xcc -I/Users/user/Library/Developer/Xcode/DerivedData/App-dbrcbrzcbnxwuibrqytmbeozgnkz/Build/Intermediates.noindex/ArchiveIntermediates/App/IntermediateBuildFilesPath/App.build/Release-iphoneos/App.build/DerivedSources -emit-objc-header -emit-objc-header-path /Users/user/Library/Developer/Xcode/DerivedData/App-dbrcbrzcbnxwuibrqytmbeozgnkz/Build/Intermediates.noindex/ArchiveIntermediates/App/IntermediateBuildFilesPath/App.build/Release-iphoneos/App.build/Objects-normal/arm64/App-Swift.h -working-directory /Users/user/nahaber/ios/App -no-emit-module-separately-wmo

ExtractAppIntentsMetadata (in target 'CapApp-SPM' from project 'CapApp-SPM')
    cd /Users/user/nahaber/ios/App/CapApp-SPM
    /Applications/Xcode.app/Contents/Developer/Toolchains/XcodeDefault.xctoolchain/usr/bin/appintentsmetadataprocessor --toolchain-dir /Applications/Xcode.app/Contents/Developer/Toolchains/XcodeDefault.xctoolchain --module-name CapApp_SPM --sdk-root /Applications/Xcode.app/Contents/Developer/Platforms/iPhoneOS.platform/Developer/SDKs/iPhoneOS26.5.sdk --xcode-version 17F113 --platform-family iOS --deployment-target 15.0 --bundle-identifier capapp-spm.CapApp-SPM --output /Users/user/Library/Developer/Xcode/DerivedData/App-dbrcbrzcbnxwuibrqytmbeozgnkz/Build/Intermediates.noindex/ArchiveIntermediates/App/IntermediateBuildFilesPath/UninstalledProducts/iphoneos/CapApp_SPM.appintents --target-triple arm64-apple-ios15.0 --binary-file /Users/user/Library/Developer/Xcode/DerivedData/App-dbrcbrzcbnxwuibrqytmbeozgnkz/Build/Intermediates.noindex/ArchiveIntermediates/App/IntermediateBuildFilesPath/UninstalledProducts/iphoneos/CapApp-SPM.o --dependency-file /Users/user/Library/Developer/Xcode/DerivedData/App-dbrcbrzcbnxwuibrqytmbeozgnkz/Build/Intermediates.noindex/ArchiveIntermediates/App/IntermediateBuildFilesPath/CapApp-SPM.build/Release-iphoneos/CapApp-SPM.build/Objects-normal/arm64/CapApp-SPM_dependency_info.dat --stringsdata-file /Users/user/Library/Developer/Xcode/DerivedData/App-dbrcbrzcbnxwuibrqytmbeozgnkz/Build/Intermediates.noindex/ArchiveIntermediates/App/IntermediateBuildFilesPath/CapApp-SPM.build/Release-iphoneos/CapApp-SPM.build/Objects-normal/arm64/ExtractedAppShortcutsMetadata.stringsdata --source-file-list /Users/user/Library/Developer/Xcode/DerivedData/App-dbrcbrzcbnxwuibrqytmbeozgnkz/Build/Intermediates.noindex/ArchiveIntermediates/App/IntermediateBuildFilesPath/CapApp-SPM.build/Release-iphoneos/CapApp-SPM.build/Objects-normal/arm64/CapApp-SPM.SwiftFileList --metadata-file-list /Users/user/Library/Developer/Xcode/DerivedData/App-dbrcbrzcbnxwuibrqytmbeozgnkz/Build/Intermediates.noindex/ArchiveIntermediates/App/IntermediateBuildFilesPath/CapApp-SPM.build/Release-iphoneos/CapApp-SPM.build/CapApp-SPM.DependencyMetadataFileList --static-metadata-file-list /Users/user/Library/Developer/Xcode/DerivedData/App-dbrcbrzcbnxwuibrqytmbeozgnkz/Build/Intermediates.noindex/ArchiveIntermediates/App/IntermediateBuildFilesPath/CapApp-SPM.build/Release-iphoneos/CapApp-SPM.build/CapApp-SPM.DependencyStaticMetadataFileList --swift-const-vals-list /Users/user/Library/Developer/Xcode/DerivedData/App-dbrcbrzcbnxwuibrqytmbeozgnkz/Build/Intermediates.noindex/ArchiveIntermediates/App/IntermediateBuildFilesPath/CapApp-SPM.build/Release-iphoneos/CapApp-SPM.build/Objects-normal/arm64/CapApp-SPM.SwiftConstValuesFileList --force --compile-time-extraction --deployment-aware-processing --validate-assistant-intents --no-app-shortcuts-localization
2026-06-26 17:09:20.101 appintentsmetadataprocessor[10250:1149696] Starting appintentsmetadataprocessor export
2026-06-26 17:09:20.117 appintentsmetadataprocessor[10250:1149696] Extracted no relevant App Intents symbols, skipping writing output

SetOwnerAndGroup user:staff /Users/user/Library/Developer/Xcode/DerivedData/App-dbrcbrzcbnxwuibrqytmbeozgnkz/Build/Intermediates.noindex/ArchiveIntermediates/App/IntermediateBuildFilesPath/UninstalledProducts/iphoneos/CapApp-SPM.o (in target 'CapApp-SPM' from project 'CapApp-SPM')
    cd /Users/user/nahaber/ios/App/CapApp-SPM
    /usr/sbin/chown -RH user:staff /Users/user/Library/Developer/Xcode/DerivedData/App-dbrcbrzcbnxwuibrqytmbeozgnkz/Build/Intermediates.noindex/ArchiveIntermediates/App/IntermediateBuildFilesPath/UninstalledProducts/iphoneos/CapApp-SPM.o

SetMode u+w,go-w,a+rX /Users/user/Library/Developer/Xcode/DerivedData/App-dbrcbrzcbnxwuibrqytmbeozgnkz/Build/Intermediates.noindex/ArchiveIntermediates/App/IntermediateBuildFilesPath/UninstalledProducts/iphoneos/CapApp-SPM.o (in target 'CapApp-SPM' from project 'CapApp-SPM')
    cd /Users/user/nahaber/ios/App/CapApp-SPM
    /bin/chmod -RH u+w,go-w,a+rX /Users/user/Library/Developer/Xcode/DerivedData/App-dbrcbrzcbnxwuibrqytmbeozgnkz/Build/Intermediates.noindex/ArchiveIntermediates/App/IntermediateBuildFilesPath/UninstalledProducts/iphoneos/CapApp-SPM.o

RegisterExecutionPolicyException /Users/user/Library/Developer/Xcode/DerivedData/App-dbrcbrzcbnxwuibrqytmbeozgnkz/Build/Intermediates.noindex/ArchiveIntermediates/App/IntermediateBuildFilesPath/UninstalledProducts/iphoneos/CapApp-SPM.o (in target 'CapApp-SPM' from project 'CapApp-SPM')
    cd /Users/user/nahaber/ios/App/CapApp-SPM
    builtin-RegisterExecutionPolicyException /Users/user/Library/Developer/Xcode/DerivedData/App-dbrcbrzcbnxwuibrqytmbeozgnkz/Build/Intermediates.noindex/ArchiveIntermediates/App/IntermediateBuildFilesPath/UninstalledProducts/iphoneos/CapApp-SPM.o

CpResource /Users/user/Library/Developer/Xcode/DerivedData/App-dbrcbrzcbnxwuibrqytmbeozgnkz/Build/Intermediates.noindex/ArchiveIntermediates/App/InstallationBuildProductsLocation/Applications/App.app/capacitor.config.json /Users/user/nahaber/ios/App/App/capacitor.config.json (in target 'App' from project 'App')
    cd /Users/user/nahaber/ios/App
    builtin-copy -exclude .DS_Store -exclude CVS -exclude .svn -exclude .git -exclude .hg -resolve-src-symlinks /Users/user/nahaber/ios/App/App/capacitor.config.json /Users/user/Library/Developer/Xcode/DerivedData/App-dbrcbrzcbnxwuibrqytmbeozgnkz/Build/Intermediates.noindex/ArchiveIntermediates/App/InstallationBuildProductsLocation/Applications/App.app

CpResource /Users/user/Library/Developer/Xcode/DerivedData/App-dbrcbrzcbnxwuibrqytmbeozgnkz/Build/Intermediates.noindex/ArchiveIntermediates/App/InstallationBuildProductsLocation/Applications/App.app/public /Users/user/nahaber/ios/App/App/public (in target 'App' from project 'App')
    cd /Users/user/nahaber/ios/App
    builtin-copy -exclude .DS_Store -exclude CVS -exclude .svn -exclude .git -exclude .hg -resolve-src-symlinks /Users/user/nahaber/ios/App/App/public /Users/user/Library/Developer/Xcode/DerivedData/App-dbrcbrzcbnxwuibrqytmbeozgnkz/Build/Intermediates.noindex/ArchiveIntermediates/App/InstallationBuildProductsLocation/Applications/App.app

CpResource /Users/user/Library/Developer/Xcode/DerivedData/App-dbrcbrzcbnxwuibrqytmbeozgnkz/Build/Intermediates.noindex/ArchiveIntermediates/App/InstallationBuildProductsLocation/Applications/App.app/config.xml /Users/user/nahaber/ios/App/App/config.xml (in target 'App' from project 'App')
    cd /Users/user/nahaber/ios/App
    builtin-copy -exclude .DS_Store -exclude CVS -exclude .svn -exclude .git -exclude .hg -resolve-src-symlinks /Users/user/nahaber/ios/App/App/config.xml /Users/user/Library/Developer/Xcode/DerivedData/App-dbrcbrzcbnxwuibrqytmbeozgnkz/Build/Intermediates.noindex/ArchiveIntermediates/App/InstallationBuildProductsLocation/Applications/App.app

CompileStoryboard /Users/user/nahaber/ios/App/App/Base.lproj/Main.storyboard (in target 'App' from project 'App')
    cd /Users/user/nahaber/ios/App
    /Applications/Xcode.app/Contents/Developer/usr/bin/ibtool --errors --warnings --notices --module App --output-partial-info-plist /Users/user/Library/Developer/Xcode/DerivedData/App-dbrcbrzcbnxwuibrqytmbeozgnkz/Build/Intermediates.noindex/ArchiveIntermediates/App/IntermediateBuildFilesPath/App.build/Release-iphoneos/App.build/Base.lproj/Main-SBPartialInfo.plist --auto-activate-custom-fonts --target-device iphone --target-device ipad --minimum-deployment-target 15.0 --output-format human-readable-text /Users/user/nahaber/ios/App/App/Base.lproj/Main.storyboard --compilation-directory /Users/user/Library/Developer/Xcode/DerivedData/App-dbrcbrzcbnxwuibrqytmbeozgnkz/Build/Intermediates.noindex/ArchiveIntermediates/App/IntermediateBuildFilesPath/App.build/Release-iphoneos/App.build/Base.lproj

CompileStoryboard /Users/user/nahaber/ios/App/App/Base.lproj/LaunchScreen.storyboard (in target 'App' from project 'App')
    cd /Users/user/nahaber/ios/App
    /Applications/Xcode.app/Contents/Developer/usr/bin/ibtool --errors --warnings --notices --module App --output-partial-info-plist /Users/user/Library/Developer/Xcode/DerivedData/App-dbrcbrzcbnxwuibrqytmbeozgnkz/Build/Intermediates.noindex/ArchiveIntermediates/App/IntermediateBuildFilesPath/App.build/Release-iphoneos/App.build/Base.lproj/LaunchScreen-SBPartialInfo.plist --auto-activate-custom-fonts --target-device iphone --target-device ipad --minimum-deployment-target 15.0 --output-format human-readable-text /Users/user/nahaber/ios/App/App/Base.lproj/LaunchScreen.storyboard --compilation-directory /Users/user/Library/Developer/Xcode/DerivedData/App-dbrcbrzcbnxwuibrqytmbeozgnkz/Build/Intermediates.noindex/ArchiveIntermediates/App/IntermediateBuildFilesPath/App.build/Release-iphoneos/App.build/Base.lproj

Copy /Users/user/Library/Developer/Xcode/DerivedData/App-dbrcbrzcbnxwuibrqytmbeozgnkz/Build/Intermediates.noindex/ArchiveIntermediates/App/InstallationBuildProductsLocation/Applications/App.app/Frameworks/Capacitor.framework /Users/user/Library/Developer/Xcode/DerivedData/App-dbrcbrzcbnxwuibrqytmbeozgnkz/SourcePackages/artifacts/capacitor-swift-pm/Capacitor/Capacitor.xcframework/ios-arm64/Capacitor.framework (in target 'App' from project 'App')
    cd /Users/user/nahaber/ios/App
    builtin-copy -exclude .DS_Store -exclude CVS -exclude .svn -exclude .git -exclude .hg -exclude Headers -exclude PrivateHeaders -exclude Modules -exclude \*.tbd -bitcode-strip all -bitcode-strip-tool /Applications/Xcode.app/Contents/Developer/Toolchains/XcodeDefault.xctoolchain/usr/bin/bitcode_strip -resolve-src-symlinks -remove-static-executable /Users/user/Library/Developer/Xcode/DerivedData/App-dbrcbrzcbnxwuibrqytmbeozgnkz/SourcePackages/artifacts/capacitor-swift-pm/Capacitor/Capacitor.xcframework/ios-arm64/Capacitor.framework /Users/user/Library/Developer/Xcode/DerivedData/App-dbrcbrzcbnxwuibrqytmbeozgnkz/Build/Intermediates.noindex/ArchiveIntermediates/App/InstallationBuildProductsLocation/Applications/App.app/Frameworks
/Applications/Xcode.app/Contents/Developer/Toolchains/XcodeDefault.xctoolchain/usr/bin/bitcode_strip /Users/user/Library/Developer/Xcode/DerivedData/App-dbrcbrzcbnxwuibrqytmbeozgnkz/SourcePackages/artifacts/capacitor-swift-pm/Capacitor/Capacitor.xcframework/ios-arm64/Capacitor.framework/Capacitor -r -o /Users/user/Library/Developer/Xcode/DerivedData/App-dbrcbrzcbnxwuibrqytmbeozgnkz/Build/Intermediates.noindex/ArchiveIntermediates/App/InstallationBuildProductsLocation/Applications/App.app/Frameworks/Capacitor.framework/Capacitor

Copy /Users/user/Library/Developer/Xcode/DerivedData/App-dbrcbrzcbnxwuibrqytmbeozgnkz/Build/Intermediates.noindex/ArchiveIntermediates/App/InstallationBuildProductsLocation/Applications/App.app/Frameworks/Cordova.framework /Users/user/Library/Developer/Xcode/DerivedData/App-dbrcbrzcbnxwuibrqytmbeozgnkz/SourcePackages/artifacts/capacitor-swift-pm/Cordova/Cordova.xcframework/ios-arm64/Cordova.framework (in target 'App' from project 'App')
    cd /Users/user/nahaber/ios/App
    builtin-copy -exclude .DS_Store -exclude CVS -exclude .svn -exclude .git -exclude .hg -exclude Headers -exclude PrivateHeaders -exclude Modules -exclude \*.tbd -bitcode-strip all -bitcode-strip-tool /Applications/Xcode.app/Contents/Developer/Toolchains/XcodeDefault.xctoolchain/usr/bin/bitcode_strip -resolve-src-symlinks -remove-static-executable /Users/user/Library/Developer/Xcode/DerivedData/App-dbrcbrzcbnxwuibrqytmbeozgnkz/SourcePackages/artifacts/capacitor-swift-pm/Cordova/Cordova.xcframework/ios-arm64/Cordova.framework /Users/user/Library/Developer/Xcode/DerivedData/App-dbrcbrzcbnxwuibrqytmbeozgnkz/Build/Intermediates.noindex/ArchiveIntermediates/App/InstallationBuildProductsLocation/Applications/App.app/Frameworks
/Applications/Xcode.app/Contents/Developer/Toolchains/XcodeDefault.xctoolchain/usr/bin/bitcode_strip /Users/user/Library/Developer/Xcode/DerivedData/App-dbrcbrzcbnxwuibrqytmbeozgnkz/SourcePackages/artifacts/capacitor-swift-pm/Cordova/Cordova.xcframework/ios-arm64/Cordova.framework/Cordova -r -o /Users/user/Library/Developer/Xcode/DerivedData/App-dbrcbrzcbnxwuibrqytmbeozgnkz/Build/Intermediates.noindex/ArchiveIntermediates/App/InstallationBuildProductsLocation/Applications/App.app/Frameworks/Cordova.framework/Cordova

CodeSign /Users/user/Library/Developer/Xcode/DerivedData/App-dbrcbrzcbnxwuibrqytmbeozgnkz/Build/Intermediates.noindex/ArchiveIntermediates/App/InstallationBuildProductsLocation/Applications/App.app/Frameworks/Capacitor.framework (in target 'App' from project 'App')
    cd /Users/user/nahaber/ios/App
    
    Signing Identity:     "Apple Distribution: Mehmet en (VMZA353GB7)"
    Provisioning Profile: "NaHaber App Store Distribution"
                          (b57b305d-5c22-4ea6-9203-64925af77bf0)
    
    /usr/bin/codesign --force --sign 2F313AE63D1F6BBEA5FA2FB6717A85A3984C0F0D --keychain /Users/user/Library/Keychains/login.keychain-db --preserve-metadata\=identifier,entitlements,flags --generate-entitlement-der /Users/user/Library/Developer/Xcode/DerivedData/App-dbrcbrzcbnxwuibrqytmbeozgnkz/Build/Intermediates.noindex/ArchiveIntermediates/App/InstallationBuildProductsLocation/Applications/App.app/Frameworks/Capacitor.framework

CodeSign /Users/user/Library/Developer/Xcode/DerivedData/App-dbrcbrzcbnxwuibrqytmbeozgnkz/Build/Intermediates.noindex/ArchiveIntermediates/App/InstallationBuildProductsLocation/Applications/App.app/Frameworks/Cordova.framework (in target 'App' from project 'App')
    cd /Users/user/nahaber/ios/App
    
    Signing Identity:     "Apple Distribution: Mehmet en (VMZA353GB7)"
    Provisioning Profile: "NaHaber App Store Distribution"
                          (b57b305d-5c22-4ea6-9203-64925af77bf0)
    
    /usr/bin/codesign --force --sign 2F313AE63D1F6BBEA5FA2FB6717A85A3984C0F0D --keychain /Users/user/Library/Keychains/login.keychain-db --preserve-metadata\=identifier,entitlements,flags --generate-entitlement-der /Users/user/Library/Developer/Xcode/DerivedData/App-dbrcbrzcbnxwuibrqytmbeozgnkz/Build/Intermediates.noindex/ArchiveIntermediates/App/InstallationBuildProductsLocation/Applications/App.app/Frameworks/Cordova.framework

SwiftDriver\ Compilation App normal arm64 com.apple.xcode.tools.swift.compiler (in target 'App' from project 'App')
    cd /Users/user/nahaber/ios/App
    builtin-Swift-Compilation -- /Applications/Xcode.app/Contents/Developer/Toolchains/XcodeDefault.xctoolchain/usr/bin/swiftc -module-name App -O -whole-module-optimization @/Users/user/Library/Developer/Xcode/DerivedData/App-dbrcbrzcbnxwuibrqytmbeozgnkz/Build/Intermediates.noindex/ArchiveIntermediates/App/IntermediateBuildFilesPath/App.build/Release-iphoneos/App.build/Objects-normal/arm64/App.SwiftFileList -enable-bare-slash-regex -enable-experimental-feature DebugDescriptionMacro -sdk /Applications/Xcode.app/Contents/Developer/Platforms/iPhoneOS.platform/Developer/SDKs/iPhoneOS26.5.sdk -target arm64-apple-ios15.0 -g -module-cache-path /Users/user/Library/Developer/Xcode/DerivedData/ModuleCache.noindex -Xfrontend -serialize-debugging-options -swift-version 5 -I /Users/user/Library/Developer/Xcode/DerivedData/App-dbrcbrzcbnxwuibrqytmbeozgnkz/Build/Intermediates.noindex/ArchiveIntermediates/App/BuildProductsPath/Release-iphoneos -F /Users/user/Library/Developer/Xcode/DerivedData/App-dbrcbrzcbnxwuibrqytmbeozgnkz/Build/Intermediates.noindex/ArchiveIntermediates/App/BuildProductsPath/Release-iphoneos/PackageFrameworks -F /Users/user/Library/Developer/Xcode/DerivedData/App-dbrcbrzcbnxwuibrqytmbeozgnkz/Build/Intermediates.noindex/ArchiveIntermediates/App/BuildProductsPath/Release-iphoneos -c -num-threads 10 -Xcc -ivfsstatcache -Xcc /Users/user/Library/Developer/Xcode/DerivedData/SDKStatCaches.noindex/iphoneos26.5-23F81a-32daed1954a7d5dd0789fcaf2a9bb78b.sdkstatcache -output-file-map /Users/user/Library/Developer/Xcode/DerivedData/App-dbrcbrzcbnxwuibrqytmbeozgnkz/Build/Intermediates.noindex/ArchiveIntermediates/App/IntermediateBuildFilesPath/App.build/Release-iphoneos/App.build/Objects-normal/arm64/App-OutputFileMap.json -use-frontend-parseable-output -save-temps -no-color-diagnostics -explicit-module-build -module-cache-path /Users/user/Library/Developer/Xcode/DerivedData/App-dbrcbrzcbnxwuibrqytmbeozgnkz/Build/Intermediates.noindex/ArchiveIntermediates/App/IntermediateBuildFilesPath/SwiftExplicitPrecompiledModules -clang-scanner-module-cache-path /Users/user/Library/Developer/Xcode/DerivedData/ModuleCache.noindex -sdk-module-cache-path /Users/user/Library/Developer/Xcode/DerivedData/ModuleCache.noindex -serialize-diagnostics -emit-dependencies -emit-module -emit-module-path /Users/user/Library/Developer/Xcode/DerivedData/App-dbrcbrzcbnxwuibrqytmbeozgnkz/Build/Intermediates.noindex/ArchiveIntermediates/App/IntermediateBuildFilesPath/App.build/Release-iphoneos/App.build/Objects-normal/arm64/App.swiftmodule -validate-clang-modules-once -clang-build-session-file /Users/user/Library/Developer/Xcode/DerivedData/ModuleCache.noindex/Session.modulevalidation -Xcc -I/Users/user/Library/Developer/Xcode/DerivedData/App-dbrcbrzcbnxwuibrqytmbeozgnkz/Build/Intermediates.noindex/ArchiveIntermediates/App/IntermediateBuildFilesPath/App.build/Release-iphoneos/App.build/swift-overrides.hmap -emit-const-values -Xfrontend -const-gather-protocols-file -Xfrontend /Users/user/Library/Developer/Xcode/DerivedData/App-dbrcbrzcbnxwuibrqytmbeozgnkz/Build/Intermediates.noindex/ArchiveIntermediates/App/IntermediateBuildFilesPath/App.build/Release-iphoneos/App.build/Objects-normal/arm64/App_const_extract_protocols.json -Xcc -iquote -Xcc /Users/user/Library/Developer/Xcode/DerivedData/App-dbrcbrzcbnxwuibrqytmbeozgnkz/Build/Intermediates.noindex/ArchiveIntermediates/App/IntermediateBuildFilesPath/App.build/Release-iphoneos/App.build/App-generated-files.hmap -Xcc -I/Users/user/Library/Developer/Xcode/DerivedData/App-dbrcbrzcbnxwuibrqytmbeozgnkz/Build/Intermediates.noindex/ArchiveIntermediates/App/IntermediateBuildFilesPath/App.build/Release-iphoneos/App.build/App-own-target-headers.hmap -Xcc -I/Users/user/Library/Developer/Xcode/DerivedData/App-dbrcbrzcbnxwuibrqytmbeozgnkz/Build/Intermediates.noindex/ArchiveIntermediates/App/IntermediateBuildFilesPath/App.build/Release-iphoneos/App.build/App-all-non-framework-target-headers.hmap -Xcc -ivfsoverlay -Xcc /Users/user/Library/Developer/Xcode/DerivedData/App-dbrcbrzcbnxwuibrqytmbeozgnkz/Build/Intermediates.noindex/ArchiveIntermediates/App/IntermediateBuildFilesPath/App.build/Release-iphoneos/App-0ca3007d900a678c2b4d53418799ee3d-VFS-iphoneos/all-product-headers.yaml -Xcc -iquote -Xcc /Users/user/Library/Developer/Xcode/DerivedData/App-dbrcbrzcbnxwuibrqytmbeozgnkz/Build/Intermediates.noindex/ArchiveIntermediates/App/IntermediateBuildFilesPath/App.build/Release-iphoneos/App.build/App-project-headers.hmap -Xcc -I/Users/user/Library/Developer/Xcode/DerivedData/App-dbrcbrzcbnxwuibrqytmbeozgnkz/Build/Intermediates.noindex/ArchiveIntermediates/App/BuildProductsPath/Release-iphoneos/include -Xcc -I/Users/user/Library/Developer/Xcode/DerivedData/App-dbrcbrzcbnxwuibrqytmbeozgnkz/Build/Intermediates.noindex/ArchiveIntermediates/App/IntermediateBuildFilesPath/App.build/Release-iphoneos/App.build/DerivedSources-normal/arm64 -Xcc -I/Users/user/Library/Developer/Xcode/DerivedData/App-dbrcbrzcbnxwuibrqytmbeozgnkz/Build/Intermediates.noindex/ArchiveIntermediates/App/IntermediateBuildFilesPath/App.build/Release-iphoneos/App.build/DerivedSources/arm64 -Xcc -I/Users/user/Library/Developer/Xcode/DerivedData/App-dbrcbrzcbnxwuibrqytmbeozgnkz/Build/Intermediates.noindex/ArchiveIntermediates/App/IntermediateBuildFilesPath/App.build/Release-iphoneos/App.build/DerivedSources -emit-objc-header -emit-objc-header-path /Users/user/Library/Developer/Xcode/DerivedData/App-dbrcbrzcbnxwuibrqytmbeozgnkz/Build/Intermediates.noindex/ArchiveIntermediates/App/IntermediateBuildFilesPath/App.build/Release-iphoneos/App.build/Objects-normal/arm64/App-Swift.h -working-directory /Users/user/nahaber/ios/App -no-emit-module-separately-wmo

SwiftExplicitDependencyGeneratePcm arm64 /Users/user/Library/Developer/Xcode/DerivedData/App-dbrcbrzcbnxwuibrqytmbeozgnkz/Build/Intermediates.noindex/ArchiveIntermediates/App/IntermediateBuildFilesPath/SwiftExplicitPrecompiledModules/Cordova-8D00SSCH0ZVPM4TJ2BGMVMIHV.pcm

SwiftExplicitDependencyGeneratePcm arm64 /Users/user/Library/Developer/Xcode/DerivedData/App-dbrcbrzcbnxwuibrqytmbeozgnkz/Build/Intermediates.noindex/ArchiveIntermediates/App/IntermediateBuildFilesPath/SwiftExplicitPrecompiledModules/Capacitor-4YCVFF65UG3VH9JSJCD3343IX.pcm

SwiftExplicitDependencyCompileModuleFromInterface arm64 /Users/user/Library/Developer/Xcode/DerivedData/App-dbrcbrzcbnxwuibrqytmbeozgnkz/Build/Intermediates.noindex/ArchiveIntermediates/App/IntermediateBuildFilesPath/SwiftExplicitPrecompiledModules/Capacitor-2960YHH04AYF3.swiftmodule

SwiftCompile normal arm64 Compiling\ AppDelegate.swift,\ GeneratedAssetSymbols.swift /Users/user/nahaber/ios/App/App/AppDelegate.swift /Users/user/Library/Developer/Xcode/DerivedData/App-dbrcbrzcbnxwuibrqytmbeozgnkz/Build/Intermediates.noindex/ArchiveIntermediates/App/IntermediateBuildFilesPath/App.build/Release-iphoneos/App.build/DerivedSources/GeneratedAssetSymbols.swift /Applications/Xcode.app/Contents/Developer/Toolchains/XcodeDefault.xctoolchain/usr/lib/swift/iphoneos/prebuilt-modules/26.5/_DarwinFoundation2.swiftmodule/arm64e-apple-ios.swiftmodule /Applications/Xcode.app/Contents/Developer/Toolchains/XcodeDefault.xctoolchain/usr/lib/swift/iphoneos/prebuilt-modules/26.5/CoreTransferable.swiftmodule/arm64e-apple-ios.swiftmodule /Applications/Xcode.app/Contents/Developer/Toolchains/XcodeDefault.xctoolchain/usr/lib/swift/iphoneos/prebuilt-modules/26.5/FileProvider.swiftmodule/arm64e-apple-ios.swiftmodule /Applications/Xcode.app/Contents/Developer/Toolchains/XcodeDefault.xctoolchain/usr/lib/swift/iphoneos/prebuilt-modules/26.5/_StringProcessing.swiftmodule/arm64e-apple-ios.swiftmodule /Applications/Xcode.app/Contents/Developer/Toolchains/XcodeDefault.xctoolchain/usr/lib/swift/iphoneos/prebuilt-modules/26.5/CoreVideo.swiftmodule/arm64e-apple-ios.swiftmodule /Applications/Xcode.app/Contents/Developer/Toolchains/XcodeDefault.xctoolchain/usr/lib/swift/iphoneos/prebuilt-modules/26.5/UniformTypeIdentifiers.swiftmodule/arm64e-apple-ios.swiftmodule /Applications/Xcode.app/Contents/Developer/Toolchains/XcodeDefault.xctoolchain/usr/lib/swift/iphoneos/prebuilt-modules/26.5/Symbols.swiftmodule/arm64e-apple-ios.swiftmodule /Applications/Xcode.app/Contents/Developer/Toolchains/XcodeDefault.xctoolchain/usr/lib/swift/iphoneos/prebuilt-modules/26.5/Network.swiftmodule/arm64e-apple-ios.swiftmodule /Applications/Xcode.app/Contents/Developer/Toolchains/XcodeDefault.xctoolchain/usr/lib/swift/iphoneos/prebuilt-modules/26.5/ObjectiveC.swiftmodule/arm64e-apple-ios.swiftmodule /Applications/Xcode.app/Contents/Developer/Toolchains/XcodeDefault.xctoolchain/usr/lib/swift/iphoneos/prebuilt-modules/26.5/CoreImage.swiftmodule/arm64e-apple-ios.swiftmodule /Applications/Xcode.app/Contents/Developer/Toolchains/XcodeDefault.xctoolchain/usr/lib/swift/iphoneos/prebuilt-modules/26.5/UIKit.swiftmodule/arm64e-apple-ios.swiftmodule /Applications/Xcode.app/Contents/Developer/Toolchains/XcodeDefault.xctoolchain/usr/lib/swift/iphoneos/prebuilt-modules/26.5/_DarwinFoundation3.swiftmodule/arm64e-apple-ios.swiftmodule /Applications/Xcode.app/Contents/Developer/Toolchains/XcodeDefault.xctoolchain/usr/lib/swift/iphoneos/prebuilt-modules/26.5/XPC.swiftmodule/arm64e-apple-ios.swiftmodule /Applications/Xcode.app/Contents/Developer/Toolchains/XcodeDefault.xctoolchain/usr/lib/swift/iphoneos/prebuilt-modules/26.5/Dispatch.swiftmodule/arm64e-apple-ios.swiftmodule /Applications/Xcode.app/Contents/Developer/Toolchains/XcodeDefault.xctoolchain/usr/lib/swift/iphoneos/prebuilt-modules/26.5/os.swiftmodule/arm64e-apple-ios.swiftmodule /Applications/Xcode.app/Contents/Developer/Toolchains/XcodeDefault.xctoolchain/usr/lib/swift/iphoneos/prebuilt-modules/26.5/Accessibility.swiftmodule/arm64e-apple-ios.swiftmodule /Applications/Xcode.app/Contents/Developer/Toolchains/XcodeDefault.xctoolchain/usr/lib/swift/iphoneos/prebuilt-modules/26.5/Foundation.swiftmodule/arm64e-apple-ios.swiftmodule /Applications/Xcode.app/Contents/Developer/Toolchains/XcodeDefault.xctoolchain/usr/lib/swift/iphoneos/prebuilt-modules/26.5/CoreGraphics.swiftmodule/arm64e-apple-ios.swiftmodule /Applications/Xcode.app/Contents/Developer/Toolchains/XcodeDefault.xctoolchain/usr/lib/swift/iphoneos/prebuilt-modules/26.5/Metal.swiftmodule/arm64e-apple-ios.swiftmodule /Applications/Xcode.app/Contents/Developer/Toolchains/XcodeDefault.xctoolchain/usr/lib/swift/iphoneos/prebuilt-modules/26.5/SwiftUI.swiftmodule/arm64e-apple-ios.swiftmodule /Applications/Xcode.app/Contents/Developer/Toolchains/XcodeDefault.xctoolchain/usr/lib/swift/iphoneos/prebuilt-modules/26.5/simd.swiftmodule/arm64e-apple-ios.swiftmodule /Applications/Xcode.app/Contents/Developer/Toolchains/XcodeDefault.xctoolchain/usr/lib/swift/iphoneos/prebuilt-modules/26.5/Darwin.swiftmodule/arm64e-apple-ios.swiftmodule /Applications/Xcode.app/Contents/Developer/Toolchains/XcodeDefault.xctoolchain/usr/lib/swift/iphoneos/prebuilt-modules/26.5/Distributed.swiftmodule/arm64e-apple-ios.swiftmodule /Applications/Xcode.app/Contents/Developer/Toolchains/XcodeDefault.xctoolchain/usr/lib/swift/iphoneos/prebuilt-modules/26.5/DeveloperToolsSupport.swiftmodule/arm64e-apple-ios.swiftmodule /Applications/Xcode.app/Contents/Developer/Toolchains/XcodeDefault.xctoolchain/usr/lib/swift/iphoneos/prebuilt-modules/26.5/Observation.swiftmodule/arm64e-apple-ios.swiftmodule /Applications/Xcode.app/Contents/Developer/Toolchains/XcodeDefault.xctoolchain/usr/lib/swift/iphoneos/prebuilt-modules/26.5/System.swiftmodule/arm64e-apple-ios.swiftmodule /Applications/Xcode.app/Contents/Developer/Toolchains/XcodeDefault.xctoolchain/usr/lib/swift/iphoneos/prebuilt-modules/26.5/_Builtin_float.swiftmodule/arm64e-apple-ios.swiftmodule /Applications/Xcode.app/Contents/Developer/Toolchains/XcodeDefault.xctoolchain/usr/lib/swift/iphoneos/prebuilt-modules/26.5/_Concurrency.swiftmodule/arm64e-apple-ios.swiftmodule /Applications/Xcode.app/Contents/Developer/Toolchains/XcodeDefault.xctoolchain/usr/lib/swift/iphoneos/prebuilt-modules/26.5/SwiftUICore.swiftmodule/arm64e-apple-ios.swiftmodule /Applications/Xcode.app/Contents/Developer/Toolchains/XcodeDefault.xctoolchain/usr/lib/swift/iphoneos/prebuilt-modules/26.5/Swift.swiftmodule/arm64e-apple-ios.swiftmodule /Applications/Xcode.app/Contents/Developer/Toolchains/XcodeDefault.xctoolchain/usr/lib/swift/iphoneos/prebuilt-modules/26.5/DataDetection.swiftmodule/arm64e-apple-ios.swiftmodule /Applications/Xcode.app/Contents/Developer/Toolchains/XcodeDefault.xctoolchain/usr/lib/swift/iphoneos/prebuilt-modules/26.5/Spatial.swiftmodule/arm64e-apple-ios.swiftmodule /Applications/Xcode.app/Contents/Developer/Toolchains/XcodeDefault.xctoolchain/usr/lib/swift/iphoneos/prebuilt-modules/26.5/_DarwinFoundation1.swiftmodule/arm64e-apple-ios.swiftmodule /Users/user/Library/Developer/Xcode/DerivedData/App-dbrcbrzcbnxwuibrqytmbeozgnkz/Build/Intermediates.noindex/ArchiveIntermediates/App/IntermediateBuildFilesPath/SwiftExplicitPrecompiledModules/Capacitor-2960YHH04AYF3.swiftmodule /Applications/Xcode.app/Contents/Developer/Toolchains/XcodeDefault.xctoolchain/usr/lib/swift/iphoneos/prebuilt-modules/26.5/QuartzCore.swiftmodule/arm64e-apple-ios.swiftmodule /Applications/Xcode.app/Contents/Developer/Toolchains/XcodeDefault.xctoolchain/usr/lib/swift/iphoneos/prebuilt-modules/26.5/CoreFoundation.swiftmodule/arm64e-apple-ios.swiftmodule /Applications/Xcode.app/Contents/Developer/Toolchains/XcodeDefault.xctoolchain/usr/lib/swift/iphoneos/prebuilt-modules/26.5/Combine.swiftmodule/arm64e-apple-ios.swiftmodule /Applications/Xcode.app/Contents/Developer/Toolchains/XcodeDefault.xctoolchain/usr/lib/swift/iphoneos/prebuilt-modules/26.5/CoreText.swiftmodule/arm64e-apple-ios.swiftmodule /Applications/Xcode.app/Contents/Developer/Toolchains/XcodeDefault.xctoolchain/usr/lib/swift/iphoneos/prebuilt-modules/26.5/OSLog.swiftmodule/arm64e-apple-ios.swiftmodule /Applications/Xcode.app/Contents/Developer/Toolchains/XcodeDefault.xctoolchain/usr/lib/swift/iphoneos/prebuilt-modules/26.5/WebKit.swiftmodule/arm64e-apple-ios.swiftmodule /Applications/Xcode.app/Contents/Developer/Toolchains/XcodeDefault.xctoolchain/usr/lib/swift/iphoneos/prebuilt-modules/26.5/CoreData.swiftmodule/arm64e-apple-ios.swiftmodule /Users/user/Library/Developer/Xcode/DerivedData/ModuleCache.noindex/CoreData-C4VUF8RMFVNEVVSEVQI7V46K7.pcm /Users/user/Library/Developer/Xcode/DerivedData/ModuleCache.noindex/_Builtin_stddef-BN93I6D0MKHSG89NFLKKZMI4C.pcm /Users/user/Library/Developer/Xcode/DerivedData/ModuleCache.noindex/Spatial-CMLBFU4X6YBX5WTDHV12KXJEO.pcm /Users/user/Library/Developer/Xcode/DerivedData/ModuleCache.noindex/QuartzCore-320M8NBMPOJ0EJR54ISCA3FZR.pcm /Users/user/Library/Developer/Xcode/DerivedData/ModuleCache.noindex/OpenGLES-7R4DOL23MEYDG9V7ZCD9W4CGO.pcm /Users/user/Library/Developer/Xcode/DerivedData/ModuleCache.noindex/_SwiftConcurrencyShims-DTQ18FDTEMOOBGSH0CRBEXWP8.pcm /Users/user/Library/Developer/Xcode/DerivedData/ModuleCache.noindex/UniformTypeIdentifiers-883PFP5LC8APV771DEFPXO0RC.pcm /Users/user/Library/Developer/Xcode/DerivedData/ModuleCache.noindex/_Builtin_stdarg-7S9BJAACG493FZF4G0MT77I2T.pcm /Users/user/Library/Developer/Xcode/DerivedData/ModuleCache.noindex/_Builtin_intrinsics-AE5SEGR6YGABOE577MOBLQ5A1.pcm /Users/user/Library/Developer/Xcode/DerivedData/ModuleCache.noindex/FileProvider-2Z97PD2IN4HMPCPQAR9LDKXO7.pcm /Users/user/Library/Developer/Xcode/DerivedData/ModuleCache.noindex/UserNotifications-1MTPQJSO4U6EOITF1NDFP6L4Y.pcm /Users/user/Library/Developer/Xcode/DerivedData/ModuleCache.noindex/UIUtilities-2HEC3LROSHEH8WG8FR7BKAH3Z.pcm /Users/user/Library/Developer/Xcode/DerivedData/ModuleCache.noindex/_DarwinFoundation2-2FQ0WJRUPG8GZT2Z62NC2SZJX.pcm /Users/user/Library/Developer/Xcode/DerivedData/ModuleCache.noindex/Network-75GSYOWYBU2HNY1Y7UTL2R5BD.pcm /Users/user/Library/Developer/Xcode/DerivedData/ModuleCache.noindex/UIKit-1OAIWD59Z0Y65ETK80V5OCKNU.pcm /Users/user/Library/Developer/Xcode/DerivedData/ModuleCache.noindex/IOSurface-2VBMGRG9ITDD8K3PNKP6ZA67T.pcm /Users/user/Library/Developer/Xcode/DerivedData/ModuleCache.noindex/ObjectiveC-ADN104IRYITHW36PZG0ANA0PF.pcm /Users/user/Library/Developer/Xcode/DerivedData/ModuleCache.noindex/CoreImage-1MWPKD40SAL765B7XAB8S4ZX6.pcm /Users/user/Library/Developer/Xcode/DerivedData/ModuleCache.noindex/dnssd-10FT9GO1LIO0RVKVLF6G4C70A.pcm /Users/user/Library/Developer/Xcode/DerivedData/ModuleCache.noindex/Darwin-302J3OPYHMFNG6P9JMG0ZLCDL.pcm /Users/user/Library/Developer/Xcode/DerivedData/App-dbrcbrzcbnxwuibrqytmbeozgnkz/Build/Intermediates.noindex/ArchiveIntermediates/App/IntermediateBuildFilesPath/SwiftExplicitPrecompiledModules/Cordova-8D00SSCH0ZVPM4TJ2BGMVMIHV.pcm /Users/user/Library/Developer/Xcode/DerivedData/ModuleCache.noindex/_Builtin_limits-E9MZPVQF0GCG4DUNSS9I55FCS.pcm /Users/user/Library/Developer/Xcode/DerivedData/ModuleCache.noindex/DeveloperToolsSupport-55V31RKZ0YP0XLHZVSJ6K4UUX.pcm /Users/user/Library/Developer/Xcode/DerivedData/ModuleCache.noindex/_Builtin_float-7BLUBMW8EFF0H2FNIBGHO2OH3.pcm /Users/user/Library/Developer/Xcode/DerivedData/ModuleCache.noindex/_Builtin_stdint-11IWVWEAACAO0O9H4T0CPFS40.pcm /Users/user/Library/Developer/Xcode/DerivedData/ModuleCache.noindex/XPC-DSHKGL535339C4NLYHTUWP64E.pcm /Users/user/Library/Developer/Xcode/DerivedData/ModuleCache.noindex/Security-75L6IE4B3L289GRWM7KH94S0S.pcm /Users/user/Library/Developer/Xcode/DerivedData/App-dbrcbrzcbnxwuibrqytmbeozgnkz/Build/Intermediates.noindex/ArchiveIntermediates/App/IntermediateBuildFilesPath/SwiftExplicitPrecompiledModules/Capacitor-4YCVFF65UG3VH9JSJCD3343IX.pcm /Users/user/Library/Developer/Xcode/DerivedData/ModuleCache.noindex/ptrauth-4FHW4OFTMWEJX0E7MIPWABEZI.pcm /Users/user/Library/Developer/Xcode/DerivedData/ModuleCache.noindex/CoreText-AC3VTGR18ROKE05LUEGG4OZT6.pcm /Users/user/Library/Developer/Xcode/DerivedData/ModuleCache.noindex/MachO-8SIVVQ0WSBD2IV32DYB6NX6OX.pcm /Users/user/Library/Developer/Xcode/DerivedData/ModuleCache.noindex/_Builtin_stdbool-LS8VBI7SAYWD6OUM8J2N876E.pcm /Users/user/Library/Developer/Xcode/DerivedData/ModuleCache.noindex/_Builtin_stdatomic-E5LHUYA1GCFIISB2BCV4MCE6O.pcm /Users/user/Library/Developer/Xcode/DerivedData/ModuleCache.noindex/os_workgroup-8OCABSEFH32343K9WYQQ2VEAS.pcm /Users/user/Library/Developer/Xcode/DerivedData/ModuleCache.noindex/_Builtin_inttypes-44WH5I0Q5HECIFDPT3HNM611T.pcm /Users/user/Library/Developer/Xcode/DerivedData/ModuleCache.noindex/Symbols-BV11I4G4NH0WQ7ENHFSOUP0QY.pcm /Users/user/Library/Developer/Xcode/DerivedData/ModuleCache.noindex/sys_types-AX4Q3WBQJUM0C12R4ZXF5QDCJ.pcm /Users/user/Library/Developer/Xcode/DerivedData/ModuleCache.noindex/simd-9C1XWC4LGJJIQVUNP3SOP98EN.pcm /Users/user/Library/Developer/Xcode/DerivedData/ModuleCache.noindex/_Builtin_tgmath-8A3HVCC2ZIVTQCHYKTYHDJL3J.pcm /Users/user/Library/Developer/Xcode/DerivedData/ModuleCache.noindex/CoreVideo-12AZ0AZG8RPBZHTEPIT2962B9.pcm /Users/user/Library/Developer/Xcode/DerivedData/ModuleCache.noindex/CommonCrypto-50JXMMIL6LN7KRKWUO3RHCBHE.pcm /Users/user/Library/Developer/Xcode/DerivedData/ModuleCache.noindex/SwiftUI-8P0RTGE5ZFNVIHTXMXXV4MXBJ.pcm /Users/user/Library/Developer/Xcode/DerivedData/ModuleCache.noindex/OSLog-8NLO3G5FDSWO6YG7CPI15K68Y.pcm /Users/user/Library/Developer/Xcode/DerivedData/ModuleCache.noindex/_AvailabilityInternal-D3XZ9CCUSAFR3MPK3JHOIZ87X.pcm /Users/user/Library/Developer/Xcode/DerivedData/ModuleCache.noindex/DataDetection-1L15O9MIADDAJ2OAGLKU2U7M6.pcm /Users/user/Library/Developer/Xcode/DerivedData/ModuleCache.noindex/ImageIO-5XZ2LVKAD8FE1PQNG21D9SKLU.pcm /Users/user/Library/Developer/Xcode/DerivedData/ModuleCache.noindex/_DarwinFoundation3-5GF099Y5X24PT8HELFJZYOE3I.pcm /Users/user/Library/Developer/Xcode/DerivedData/ModuleCache.noindex/Metal-4JN9U7KUPHI8GNHZ2AMKQ9KFC.pcm /Users/user/Library/Developer/Xcode/DerivedData/ModuleCache.noindex/SwiftShims-4P8O7GQGX2BJIVVXROAD5RBMM.pcm /Users/user/Library/Developer/Xcode/DerivedData/ModuleCache.noindex/Dispatch-DH311Q84E0C4HNISCYLOVNXBF.pcm /Users/user/Library/Developer/Xcode/DerivedData/ModuleCache.noindex/CoreTransferable-BY1OIN7BIOYD0ZDHCMHY07NHU.pcm /Users/user/Library/Developer/Xcode/DerivedData/ModuleCache.noindex/os-F3F36OH99WM1579EP7VJPU4V5.pcm /Users/user/Library/Developer/Xcode/DerivedData/ModuleCache.noindex/WebKit-DM2IR1BNWQN2K5S7UIDS7R831.pcm /Users/user/Library/Developer/Xcode/DerivedData/ModuleCache.noindex/CoreGraphics-8XJ11BC9YP5CMVN0RAERWO8KV.pcm /Users/user/Library/Developer/Xcode/DerivedData/ModuleCache.noindex/Accessibility-74U6NPOXJUHQGX81J2XCRU98C.pcm /Users/user/Library/Developer/Xcode/DerivedData/ModuleCache.noindex/_DarwinFoundation1-4O7Z8XGVX8BDNI7A93XVLLC2J.pcm /Users/user/Library/Developer/Xcode/DerivedData/ModuleCache.noindex/CFNetwork-459TUX4MM2YKVDB1HAO8LHA2Q.pcm /Users/user/Library/Developer/Xcode/DerivedData/ModuleCache.noindex/CoreFoundation-19KJQRSXSF5LRF2SN0LG5DPXY.pcm /Users/user/Library/Developer/Xcode/DerivedData/ModuleCache.noindex/ptrcheck-6NL98NU0804A1LK2XRV8FY5UZ.pcm /Users/user/Library/Developer/Xcode/DerivedData/ModuleCache.noindex/SwiftUICore-9GZ4TWCP71SYDHKJTI0W837FK.pcm /Users/user/Library/Developer/Xcode/DerivedData/ModuleCache.noindex/Foundation-3K9MTN2PBJOCZ507V06RJXC0H.pcm /Users/user/Library/Developer/Xcode/DerivedData/ModuleCache.noindex/os_object-E4AV4PQA131Z03QHWKM0EAZET.pcm /Users/user/Library/Developer/Xcode/DerivedData/App-dbrcbrzcbnxwuibrqytmbeozgnkz/Build/Intermediates.noindex/ArchiveIntermediates/App/IntermediateBuildFilesPath/App.build/Release-iphoneos/App.build/Objects-normal/arm64/App-dependencies-1.json (in target 'App' from project 'App')

CompileSwift normal arm64 (in target 'App' from project 'App')
    cd /Users/user/nahaber/ios/App
    

SwiftDriverJobDiscovery normal arm64 Compiling AppDelegate.swift, GeneratedAssetSymbols.swift (in target 'App' from project 'App')

SwiftDriver\ Compilation\ Requirements App normal arm64 com.apple.xcode.tools.swift.compiler (in target 'App' from project 'App')
    cd /Users/user/nahaber/ios/App
    builtin-Swift-Compilation-Requirements -- /Applications/Xcode.app/Contents/Developer/Toolchains/XcodeDefault.xctoolchain/usr/bin/swiftc -module-name App -O -whole-module-optimization @/Users/user/Library/Developer/Xcode/DerivedData/App-dbrcbrzcbnxwuibrqytmbeozgnkz/Build/Intermediates.noindex/ArchiveIntermediates/App/IntermediateBuildFilesPath/App.build/Release-iphoneos/App.build/Objects-normal/arm64/App.SwiftFileList -enable-bare-slash-regex -enable-experimental-feature DebugDescriptionMacro -sdk /Applications/Xcode.app/Contents/Developer/Platforms/iPhoneOS.platform/Developer/SDKs/iPhoneOS26.5.sdk -target arm64-apple-ios15.0 -g -module-cache-path /Users/user/Library/Developer/Xcode/DerivedData/ModuleCache.noindex -Xfrontend -serialize-debugging-options -swift-version 5 -I /Users/user/Library/Developer/Xcode/DerivedData/App-dbrcbrzcbnxwuibrqytmbeozgnkz/Build/Intermediates.noindex/ArchiveIntermediates/App/BuildProductsPath/Release-iphoneos -F /Users/user/Library/Developer/Xcode/DerivedData/App-dbrcbrzcbnxwuibrqytmbeozgnkz/Build/Intermediates.noindex/ArchiveIntermediates/App/BuildProductsPath/Release-iphoneos/PackageFrameworks -F /Users/user/Library/Developer/Xcode/DerivedData/App-dbrcbrzcbnxwuibrqytmbeozgnkz/Build/Intermediates.noindex/ArchiveIntermediates/App/BuildProductsPath/Release-iphoneos -c -num-threads 10 -Xcc -ivfsstatcache -Xcc /Users/user/Library/Developer/Xcode/DerivedData/SDKStatCaches.noindex/iphoneos26.5-23F81a-32daed1954a7d5dd0789fcaf2a9bb78b.sdkstatcache -output-file-map /Users/user/Library/Developer/Xcode/DerivedData/App-dbrcbrzcbnxwuibrqytmbeozgnkz/Build/Intermediates.noindex/ArchiveIntermediates/App/IntermediateBuildFilesPath/App.build/Release-iphoneos/App.build/Objects-normal/arm64/App-OutputFileMap.json -use-frontend-parseable-output -save-temps -no-color-diagnostics -explicit-module-build -module-cache-path /Users/user/Library/Developer/Xcode/DerivedData/App-dbrcbrzcbnxwuibrqytmbeozgnkz/Build/Intermediates.noindex/ArchiveIntermediates/App/IntermediateBuildFilesPath/SwiftExplicitPrecompiledModules -clang-scanner-module-cache-path /Users/user/Library/Developer/Xcode/DerivedData/ModuleCache.noindex -sdk-module-cache-path /Users/user/Library/Developer/Xcode/DerivedData/ModuleCache.noindex -serialize-diagnostics -emit-dependencies -emit-module -emit-module-path /Users/user/Library/Developer/Xcode/DerivedData/App-dbrcbrzcbnxwuibrqytmbeozgnkz/Build/Intermediates.noindex/ArchiveIntermediates/App/IntermediateBuildFilesPath/App.build/Release-iphoneos/App.build/Objects-normal/arm64/App.swiftmodule -validate-clang-modules-once -clang-build-session-file /Users/user/Library/Developer/Xcode/DerivedData/ModuleCache.noindex/Session.modulevalidation -Xcc -I/Users/user/Library/Developer/Xcode/DerivedData/App-dbrcbrzcbnxwuibrqytmbeozgnkz/Build/Intermediates.noindex/ArchiveIntermediates/App/IntermediateBuildFilesPath/App.build/Release-iphoneos/App.build/swift-overrides.hmap -emit-const-values -Xfrontend -const-gather-protocols-file -Xfrontend /Users/user/Library/Developer/Xcode/DerivedData/App-dbrcbrzcbnxwuibrqytmbeozgnkz/Build/Intermediates.noindex/ArchiveIntermediates/App/IntermediateBuildFilesPath/App.build/Release-iphoneos/App.build/Objects-normal/arm64/App_const_extract_protocols.json -Xcc -iquote -Xcc /Users/user/Library/Developer/Xcode/DerivedData/App-dbrcbrzcbnxwuibrqytmbeozgnkz/Build/Intermediates.noindex/ArchiveIntermediates/App/IntermediateBuildFilesPath/App.build/Release-iphoneos/App.build/App-generated-files.hmap -Xcc -I/Users/user/Library/Developer/Xcode/DerivedData/App-dbrcbrzcbnxwuibrqytmbeozgnkz/Build/Intermediates.noindex/ArchiveIntermediates/App/IntermediateBuildFilesPath/App.build/Release-iphoneos/App.build/App-own-target-headers.hmap -Xcc -I/Users/user/Library/Developer/Xcode/DerivedData/App-dbrcbrzcbnxwuibrqytmbeozgnkz/Build/Intermediates.noindex/ArchiveIntermediates/App/IntermediateBuildFilesPath/App.build/Release-iphoneos/App.build/App-all-non-framework-target-headers.hmap -Xcc -ivfsoverlay -Xcc /Users/user/Library/Developer/Xcode/DerivedData/App-dbrcbrzcbnxwuibrqytmbeozgnkz/Build/Intermediates.noindex/ArchiveIntermediates/App/IntermediateBuildFilesPath/App.build/Release-iphoneos/App-0ca3007d900a678c2b4d53418799ee3d-VFS-iphoneos/all-product-headers.yaml -Xcc -iquote -Xcc /Users/user/Library/Developer/Xcode/DerivedData/App-dbrcbrzcbnxwuibrqytmbeozgnkz/Build/Intermediates.noindex/ArchiveIntermediates/App/IntermediateBuildFilesPath/App.build/Release-iphoneos/App.build/App-project-headers.hmap -Xcc -I/Users/user/Library/Developer/Xcode/DerivedData/App-dbrcbrzcbnxwuibrqytmbeozgnkz/Build/Intermediates.noindex/ArchiveIntermediates/App/BuildProductsPath/Release-iphoneos/include -Xcc -I/Users/user/Library/Developer/Xcode/DerivedData/App-dbrcbrzcbnxwuibrqytmbeozgnkz/Build/Intermediates.noindex/ArchiveIntermediates/App/IntermediateBuildFilesPath/App.build/Release-iphoneos/App.build/DerivedSources-normal/arm64 -Xcc -I/Users/user/Library/Developer/Xcode/DerivedData/App-dbrcbrzcbnxwuibrqytmbeozgnkz/Build/Intermediates.noindex/ArchiveIntermediates/App/IntermediateBuildFilesPath/App.build/Release-iphoneos/App.build/DerivedSources/arm64 -Xcc -I/Users/user/Library/Developer/Xcode/DerivedData/App-dbrcbrzcbnxwuibrqytmbeozgnkz/Build/Intermediates.noindex/ArchiveIntermediates/App/IntermediateBuildFilesPath/App.build/Release-iphoneos/App.build/DerivedSources -emit-objc-header -emit-objc-header-path /Users/user/Library/Developer/Xcode/DerivedData/App-dbrcbrzcbnxwuibrqytmbeozgnkz/Build/Intermediates.noindex/ArchiveIntermediates/App/IntermediateBuildFilesPath/App.build/Release-iphoneos/App.build/Objects-normal/arm64/App-Swift.h -working-directory /Users/user/nahaber/ios/App -no-emit-module-separately-wmo

SwiftMergeGeneratedHeaders /Users/user/Library/Developer/Xcode/DerivedData/App-dbrcbrzcbnxwuibrqytmbeozgnkz/Build/Intermediates.noindex/ArchiveIntermediates/App/IntermediateBuildFilesPath/App.build/Release-iphoneos/App.build/DerivedSources/App-Swift.h /Users/user/Library/Developer/Xcode/DerivedData/App-dbrcbrzcbnxwuibrqytmbeozgnkz/Build/Intermediates.noindex/ArchiveIntermediates/App/IntermediateBuildFilesPath/App.build/Release-iphoneos/App.build/Objects-normal/arm64/App-Swift.h (in target 'App' from project 'App')
    cd /Users/user/nahaber/ios/App
    builtin-swiftHeaderTool -arch arm64 /Users/user/Library/Developer/Xcode/DerivedData/App-dbrcbrzcbnxwuibrqytmbeozgnkz/Build/Intermediates.noindex/ArchiveIntermediates/App/IntermediateBuildFilesPath/App.build/Release-iphoneos/App.build/Objects-normal/arm64/App-Swift.h -o /Users/user/Library/Developer/Xcode/DerivedData/App-dbrcbrzcbnxwuibrqytmbeozgnkz/Build/Intermediates.noindex/ArchiveIntermediates/App/IntermediateBuildFilesPath/App.build/Release-iphoneos/App.build/DerivedSources/App-Swift.h

Copy /Users/user/Library/Developer/Xcode/DerivedData/App-dbrcbrzcbnxwuibrqytmbeozgnkz/Build/Intermediates.noindex/ArchiveIntermediates/App/BuildProductsPath/Release-iphoneos/App.swiftmodule/arm64-apple-ios.abi.json /Users/user/Library/Developer/Xcode/DerivedData/App-dbrcbrzcbnxwuibrqytmbeozgnkz/Build/Intermediates.noindex/ArchiveIntermediates/App/IntermediateBuildFilesPath/App.build/Release-iphoneos/App.build/Objects-normal/arm64/App.abi.json (in target 'App' from project 'App')
    cd /Users/user/nahaber/ios/App
    builtin-copy -exclude .DS_Store -exclude CVS -exclude .svn -exclude .git -exclude .hg -resolve-src-symlinks -rename /Users/user/Library/Developer/Xcode/DerivedData/App-dbrcbrzcbnxwuibrqytmbeozgnkz/Build/Intermediates.noindex/ArchiveIntermediates/App/IntermediateBuildFilesPath/App.build/Release-iphoneos/App.build/Objects-normal/arm64/App.abi.json /Users/user/Library/Developer/Xcode/DerivedData/App-dbrcbrzcbnxwuibrqytmbeozgnkz/Build/Intermediates.noindex/ArchiveIntermediates/App/BuildProductsPath/Release-iphoneos/App.swiftmodule/arm64-apple-ios.abi.json

Copy /Users/user/Library/Developer/Xcode/DerivedData/App-dbrcbrzcbnxwuibrqytmbeozgnkz/Build/Intermediates.noindex/ArchiveIntermediates/App/BuildProductsPath/Release-iphoneos/App.swiftmodule/arm64-apple-ios.swiftdoc /Users/user/Library/Developer/Xcode/DerivedData/App-dbrcbrzcbnxwuibrqytmbeozgnkz/Build/Intermediates.noindex/ArchiveIntermediates/App/IntermediateBuildFilesPath/App.build/Release-iphoneos/App.build/Objects-normal/arm64/App.swiftdoc (in target 'App' from project 'App')
    cd /Users/user/nahaber/ios/App
    builtin-copy -exclude .DS_Store -exclude CVS -exclude .svn -exclude .git -exclude .hg -resolve-src-symlinks -rename /Users/user/Library/Developer/Xcode/DerivedData/App-dbrcbrzcbnxwuibrqytmbeozgnkz/Build/Intermediates.noindex/ArchiveIntermediates/App/IntermediateBuildFilesPath/App.build/Release-iphoneos/App.build/Objects-normal/arm64/App.swiftdoc /Users/user/Library/Developer/Xcode/DerivedData/App-dbrcbrzcbnxwuibrqytmbeozgnkz/Build/Intermediates.noindex/ArchiveIntermediates/App/BuildProductsPath/Release-iphoneos/App.swiftmodule/arm64-apple-ios.swiftdoc

Copy /Users/user/Library/Developer/Xcode/DerivedData/App-dbrcbrzcbnxwuibrqytmbeozgnkz/Build/Intermediates.noindex/ArchiveIntermediates/App/BuildProductsPath/Release-iphoneos/App.swiftmodule/arm64-apple-ios.swiftmodule /Users/user/Library/Developer/Xcode/DerivedData/App-dbrcbrzcbnxwuibrqytmbeozgnkz/Build/Intermediates.noindex/ArchiveIntermediates/App/IntermediateBuildFilesPath/App.build/Release-iphoneos/App.build/Objects-normal/arm64/App.swiftmodule (in target 'App' from project 'App')
    cd /Users/user/nahaber/ios/App
    builtin-copy -exclude .DS_Store -exclude CVS -exclude .svn -exclude .git -exclude .hg -resolve-src-symlinks -rename /Users/user/Library/Developer/Xcode/DerivedData/App-dbrcbrzcbnxwuibrqytmbeozgnkz/Build/Intermediates.noindex/ArchiveIntermediates/App/IntermediateBuildFilesPath/App.build/Release-iphoneos/App.build/Objects-normal/arm64/App.swiftmodule /Users/user/Library/Developer/Xcode/DerivedData/App-dbrcbrzcbnxwuibrqytmbeozgnkz/Build/Intermediates.noindex/ArchiveIntermediates/App/BuildProductsPath/Release-iphoneos/App.swiftmodule/arm64-apple-ios.swiftmodule

Ld /Users/user/Library/Developer/Xcode/DerivedData/App-dbrcbrzcbnxwuibrqytmbeozgnkz/Build/Intermediates.noindex/ArchiveIntermediates/App/InstallationBuildProductsLocation/Applications/App.app/App normal (in target 'App' from project 'App')
    cd /Users/user/nahaber/ios/App
    /Applications/Xcode.app/Contents/Developer/Toolchains/XcodeDefault.xctoolchain/usr/bin/clang -Xlinker -reproducible -target arm64-apple-ios15.0 -isysroot /Applications/Xcode.app/Contents/Developer/Platforms/iPhoneOS.platform/Developer/SDKs/iPhoneOS26.5.sdk -Os -L/Users/user/Library/Developer/Xcode/DerivedData/App-dbrcbrzcbnxwuibrqytmbeozgnkz/Build/Intermediates.noindex/ArchiveIntermediates/App/IntermediateBuildFilesPath/EagerLinkingTBDs/Release-iphoneos -L/Users/user/Library/Developer/Xcode/DerivedData/App-dbrcbrzcbnxwuibrqytmbeozgnkz/Build/Intermediates.noindex/ArchiveIntermediates/App/BuildProductsPath/Release-iphoneos -F/Users/user/Library/Developer/Xcode/DerivedData/App-dbrcbrzcbnxwuibrqytmbeozgnkz/Build/Intermediates.noindex/ArchiveIntermediates/App/IntermediateBuildFilesPath/EagerLinkingTBDs/Release-iphoneos -F/Users/user/Library/Developer/Xcode/DerivedData/App-dbrcbrzcbnxwuibrqytmbeozgnkz/Build/Intermediates.noindex/ArchiveIntermediates/App/BuildProductsPath/Release-iphoneos/PackageFrameworks -F/Users/user/Library/Developer/Xcode/DerivedData/App-dbrcbrzcbnxwuibrqytmbeozgnkz/Build/Intermediates.noindex/ArchiveIntermediates/App/BuildProductsPath/Release-iphoneos -filelist /Users/user/Library/Developer/Xcode/DerivedData/App-dbrcbrzcbnxwuibrqytmbeozgnkz/Build/Intermediates.noindex/ArchiveIntermediates/App/IntermediateBuildFilesPath/App.build/Release-iphoneos/App.build/Objects-normal/arm64/App.LinkFileList -Xlinker -rpath -Xlinker /usr/lib/swift -Xlinker -rpath -Xlinker @executable_path/Frameworks -Xlinker -dead_strip -Xlinker -object_path_lto -Xlinker /Users/user/Library/Developer/Xcode/DerivedData/App-dbrcbrzcbnxwuibrqytmbeozgnkz/Build/Intermediates.noindex/ArchiveIntermediates/App/IntermediateBuildFilesPath/App.build/Release-iphoneos/App.build/Objects-normal/arm64/App_lto.o -Xlinker -final_output -Xlinker /Applications/App.app/App -Xlinker -dependency_info -Xlinker /Users/user/Library/Developer/Xcode/DerivedData/App-dbrcbrzcbnxwuibrqytmbeozgnkz/Build/Intermediates.noindex/ArchiveIntermediates/App/IntermediateBuildFilesPath/App.build/Release-iphoneos/App.build/Objects-normal/arm64/App_dependency_info.dat -fobjc-link-runtime -L/Applications/Xcode.app/Contents/Developer/Toolchains/XcodeDefault.xctoolchain/usr/lib/swift/iphoneos -L/usr/lib/swift -Xlinker -add_ast_path -Xlinker /Users/user/Library/Developer/Xcode/DerivedData/App-dbrcbrzcbnxwuibrqytmbeozgnkz/Build/Intermediates.noindex/ArchiveIntermediates/App/IntermediateBuildFilesPath/App.build/Release-iphoneos/App.build/Objects-normal/arm64/App.swiftmodule @/Users/user/Library/Developer/Xcode/DerivedData/App-dbrcbrzcbnxwuibrqytmbeozgnkz/Build/Intermediates.noindex/ArchiveIntermediates/App/IntermediateBuildFilesPath/App.build/Release-iphoneos/App.build/Objects-normal/arm64/App-linker-args.resp -Wl,-no_warn_duplicate_libraries -framework Capacitor -framework Capacitor -framework Cordova -framework Cordova -Xlinker -no_adhoc_codesign -o /Users/user/Library/Developer/Xcode/DerivedData/App-dbrcbrzcbnxwuibrqytmbeozgnkz/Build/Intermediates.noindex/ArchiveIntermediates/App/InstallationBuildProductsLocation/Applications/App.app/App -Xlinker -add_ast_path -Xlinker /Users/user/Library/Developer/Xcode/DerivedData/App-dbrcbrzcbnxwuibrqytmbeozgnkz/Build/Intermediates.noindex/ArchiveIntermediates/App/IntermediateBuildFilesPath/CapApp-SPM.build/Release-iphoneos/CapApp-SPM.build/Objects-normal/arm64/CapApp_SPM.swiftmodule @/Users/user/Library/Developer/Xcode/DerivedData/App-dbrcbrzcbnxwuibrqytmbeozgnkz/Build/Intermediates.noindex/ArchiveIntermediates/App/IntermediateBuildFilesPath/CapApp-SPM.build/Release-iphoneos/CapApp-SPM.build/Objects-normal/arm64/CapApp_SPM-linker-args.resp

LinkStoryboards (in target 'App' from project 'App')
    cd /Users/user/nahaber/ios/App
    /Applications/Xcode.app/Contents/Developer/usr/bin/ibtool --errors --warnings --notices --module App --target-device iphone --target-device ipad --minimum-deployment-target 15.0 --output-format human-readable-text --link /Users/user/Library/Developer/Xcode/DerivedData/App-dbrcbrzcbnxwuibrqytmbeozgnkz/Build/Intermediates.noindex/ArchiveIntermediates/App/InstallationBuildProductsLocation/Applications/App.app /Users/user/Library/Developer/Xcode/DerivedData/App-dbrcbrzcbnxwuibrqytmbeozgnkz/Build/Intermediates.noindex/ArchiveIntermediates/App/IntermediateBuildFilesPath/App.build/Release-iphoneos/App.build/Base.lproj/LaunchScreen.storyboardc /Users/user/Library/Developer/Xcode/DerivedData/App-dbrcbrzcbnxwuibrqytmbeozgnkz/Build/Intermediates.noindex/ArchiveIntermediates/App/IntermediateBuildFilesPath/App.build/Release-iphoneos/App.build/Base.lproj/Main.storyboardc

LinkAssetCatalog /Users/user/nahaber/ios/App/App/Assets.xcassets (in target 'App' from project 'App')
    cd /Users/user/nahaber/ios/App
    builtin-linkAssetCatalog --thinned /Users/user/Library/Developer/Xcode/DerivedData/App-dbrcbrzcbnxwuibrqytmbeozgnkz/Build/Intermediates.noindex/ArchiveIntermediates/App/IntermediateBuildFilesPath/App.build/Release-iphoneos/App.build/assetcatalog_output/thinned --thinned-dependencies /Users/user/Library/Developer/Xcode/DerivedData/App-dbrcbrzcbnxwuibrqytmbeozgnkz/Build/Intermediates.noindex/ArchiveIntermediates/App/IntermediateBuildFilesPath/App.build/Release-iphoneos/App.build/assetcatalog_dependencies_thinned --thinned-info-plist-content /Users/user/Library/Developer/Xcode/DerivedData/App-dbrcbrzcbnxwuibrqytmbeozgnkz/Build/Intermediates.noindex/ArchiveIntermediates/App/IntermediateBuildFilesPath/App.build/Release-iphoneos/App.build/assetcatalog_generated_info.plist_thinned --unthinned /Users/user/Library/Developer/Xcode/DerivedData/App-dbrcbrzcbnxwuibrqytmbeozgnkz/Build/Intermediates.noindex/ArchiveIntermediates/App/IntermediateBuildFilesPath/App.build/Release-iphoneos/App.build/assetcatalog_output/unthinned --unthinned-dependencies /Users/user/Library/Developer/Xcode/DerivedData/App-dbrcbrzcbnxwuibrqytmbeozgnkz/Build/Intermediates.noindex/ArchiveIntermediates/App/IntermediateBuildFilesPath/App.build/Release-iphoneos/App.build/assetcatalog_dependencies_unthinned --unthinned-info-plist-content /Users/user/Library/Developer/Xcode/DerivedData/App-dbrcbrzcbnxwuibrqytmbeozgnkz/Build/Intermediates.noindex/ArchiveIntermediates/App/IntermediateBuildFilesPath/App.build/Release-iphoneos/App.build/assetcatalog_generated_info.plist_unthinned --output /Users/user/Library/Developer/Xcode/DerivedData/App-dbrcbrzcbnxwuibrqytmbeozgnkz/Build/Intermediates.noindex/ArchiveIntermediates/App/InstallationBuildProductsLocation/Applications/App.app --plist-output /Users/user/Library/Developer/Xcode/DerivedData/App-dbrcbrzcbnxwuibrqytmbeozgnkz/Build/Intermediates.noindex/ArchiveIntermediates/App/IntermediateBuildFilesPath/App.build/Release-iphoneos/App.build/assetcatalog_generated_info.plist
note: Emplaced /Users/user/Library/Developer/Xcode/DerivedData/App-dbrcbrzcbnxwuibrqytmbeozgnkz/Build/Intermediates.noindex/ArchiveIntermediates/App/InstallationBuildProductsLocation/Applications/App.app/AppIcon76x76@2x~ipad.png (in target 'App' from project 'App')
note: Emplaced /Users/user/Library/Developer/Xcode/DerivedData/App-dbrcbrzcbnxwuibrqytmbeozgnkz/Build/Intermediates.noindex/ArchiveIntermediates/App/InstallationBuildProductsLocation/Applications/App.app/AppIcon60x60@2x.png (in target 'App' from project 'App')
note: Emplaced /Users/user/Library/Developer/Xcode/DerivedData/App-dbrcbrzcbnxwuibrqytmbeozgnkz/Build/Intermediates.noindex/ArchiveIntermediates/App/InstallationBuildProductsLocation/Applications/App.app/Assets.car (in target 'App' from project 'App')

ProcessInfoPlistFile /Users/user/Library/Developer/Xcode/DerivedData/App-dbrcbrzcbnxwuibrqytmbeozgnkz/Build/Intermediates.noindex/ArchiveIntermediates/App/InstallationBuildProductsLocation/Applications/App.app/Info.plist /Users/user/nahaber/ios/App/App/Info.plist (in target 'App' from project 'App')
    cd /Users/user/nahaber/ios/App
    builtin-infoPlistUtility /Users/user/nahaber/ios/App/App/Info.plist -producttype com.apple.product-type.application -genpkginfo /Users/user/Library/Developer/Xcode/DerivedData/App-dbrcbrzcbnxwuibrqytmbeozgnkz/Build/Intermediates.noindex/ArchiveIntermediates/App/InstallationBuildProductsLocation/Applications/App.app/PkgInfo -expandbuildsettings -format binary -platform iphoneos -additionalcontentfile /Users/user/Library/Developer/Xcode/DerivedData/App-dbrcbrzcbnxwuibrqytmbeozgnkz/Build/Intermediates.noindex/ArchiveIntermediates/App/IntermediateBuildFilesPath/App.build/Release-iphoneos/App.build/Base.lproj/LaunchScreen-SBPartialInfo.plist -additionalcontentfile /Users/user/Library/Developer/Xcode/DerivedData/App-dbrcbrzcbnxwuibrqytmbeozgnkz/Build/Intermediates.noindex/ArchiveIntermediates/App/IntermediateBuildFilesPath/App.build/Release-iphoneos/App.build/Base.lproj/Main-SBPartialInfo.plist -additionalcontentfile /Users/user/Library/Developer/Xcode/DerivedData/App-dbrcbrzcbnxwuibrqytmbeozgnkz/Build/Intermediates.noindex/ArchiveIntermediates/App/IntermediateBuildFilesPath/App.build/Release-iphoneos/App.build/assetcatalog_generated_info.plist -scanforprivacyfile /Users/user/Library/Developer/Xcode/DerivedData/App-dbrcbrzcbnxwuibrqytmbeozgnkz/Build/Intermediates.noindex/ArchiveIntermediates/App/InstallationBuildProductsLocation/Applications/App.app/Frameworks/Capacitor.framework -scanforprivacyfile /Users/user/Library/Developer/Xcode/DerivedData/App-dbrcbrzcbnxwuibrqytmbeozgnkz/Build/Intermediates.noindex/ArchiveIntermediates/App/InstallationBuildProductsLocation/Applications/App.app/Frameworks/Cordova.framework -requiredArchitecture arm64 -o /Users/user/Library/Developer/Xcode/DerivedData/App-dbrcbrzcbnxwuibrqytmbeozgnkz/Build/Intermediates.noindex/ArchiveIntermediates/App/InstallationBuildProductsLocation/Applications/App.app/Info.plist

CopySwiftLibs /Users/user/Library/Developer/Xcode/DerivedData/App-dbrcbrzcbnxwuibrqytmbeozgnkz/Build/Intermediates.noindex/ArchiveIntermediates/App/InstallationBuildProductsLocation/Applications/App.app (in target 'App' from project 'App')
    cd /Users/user/nahaber/ios/App
    builtin-swiftStdLibTool --copy --verbose --sign 2F313AE63D1F6BBEA5FA2FB6717A85A3984C0F0D --Xcodesign --keychain --Xcodesign /Users/user/Library/Keychains/login.keychain-db --scan-executable /Users/user/Library/Developer/Xcode/DerivedData/App-dbrcbrzcbnxwuibrqytmbeozgnkz/Build/Intermediates.noindex/ArchiveIntermediates/App/InstallationBuildProductsLocation/Applications/App.app/App --scan-folder /Users/user/Library/Developer/Xcode/DerivedData/App-dbrcbrzcbnxwuibrqytmbeozgnkz/Build/Intermediates.noindex/ArchiveIntermediates/App/InstallationBuildProductsLocation/Applications/App.app/Frameworks --scan-folder /Users/user/Library/Developer/Xcode/DerivedData/App-dbrcbrzcbnxwuibrqytmbeozgnkz/Build/Intermediates.noindex/ArchiveIntermediates/App/InstallationBuildProductsLocation/Applications/App.app/PlugIns --scan-folder /Users/user/Library/Developer/Xcode/DerivedData/App-dbrcbrzcbnxwuibrqytmbeozgnkz/Build/Intermediates.noindex/ArchiveIntermediates/App/InstallationBuildProductsLocation/Applications/App.app/SystemExtensions --scan-folder /Users/user/Library/Developer/Xcode/DerivedData/App-dbrcbrzcbnxwuibrqytmbeozgnkz/Build/Intermediates.noindex/ArchiveIntermediates/App/InstallationBuildProductsLocation/Applications/App.app/Extensions --platform iphoneos --toolchain /Applications/Xcode.app/Contents/Developer/Toolchains/XcodeDefault.xctoolchain --destination /Users/user/Library/Developer/Xcode/DerivedData/App-dbrcbrzcbnxwuibrqytmbeozgnkz/Build/Intermediates.noindex/ArchiveIntermediates/App/InstallationBuildProductsLocation/Applications/App.app/Frameworks --unsigned-destination /Users/user/Library/Developer/Xcode/DerivedData/App-dbrcbrzcbnxwuibrqytmbeozgnkz/Build/Intermediates.noindex/ArchiveIntermediates/App/BuildProductsPath/SwiftSupport --strip-bitcode --strip-bitcode-tool /Applications/Xcode.app/Contents/Developer/Toolchains/XcodeDefault.xctoolchain/usr/bin/bitcode_strip --emit-dependency-info /Users/user/Library/Developer/Xcode/DerivedData/App-dbrcbrzcbnxwuibrqytmbeozgnkz/Build/Intermediates.noindex/ArchiveIntermediates/App/IntermediateBuildFilesPath/App.build/Release-iphoneos/App.build/SwiftStdLibToolInputDependencies.dep --filter-for-swift-os --back-deploy-swift-span

ExtractAppIntentsMetadata (in target 'App' from project 'App')
    cd /Users/user/nahaber/ios/App
    /Applications/Xcode.app/Contents/Developer/Toolchains/XcodeDefault.xctoolchain/usr/bin/appintentsmetadataprocessor --toolchain-dir /Applications/Xcode.app/Contents/Developer/Toolchains/XcodeDefault.xctoolchain --module-name App --sdk-root /Applications/Xcode.app/Contents/Developer/Platforms/iPhoneOS.platform/Developer/SDKs/iPhoneOS26.5.sdk --xcode-version 17F113 --platform-family iOS --deployment-target 15.0 --bundle-identifier com.nahaber.app --output /Users/user/Library/Developer/Xcode/DerivedData/App-dbrcbrzcbnxwuibrqytmbeozgnkz/Build/Intermediates.noindex/ArchiveIntermediates/App/InstallationBuildProductsLocation/Applications/App.app --target-triple arm64-apple-ios15.0 --binary-file /Users/user/Library/Developer/Xcode/DerivedData/App-dbrcbrzcbnxwuibrqytmbeozgnkz/Build/Intermediates.noindex/ArchiveIntermediates/App/InstallationBuildProductsLocation/Applications/App.app/App --dependency-file /Users/user/Library/Developer/Xcode/DerivedData/App-dbrcbrzcbnxwuibrqytmbeozgnkz/Build/Intermediates.noindex/ArchiveIntermediates/App/IntermediateBuildFilesPath/App.build/Release-iphoneos/App.build/Objects-normal/arm64/App_dependency_info.dat --stringsdata-file /Users/user/Library/Developer/Xcode/DerivedData/App-dbrcbrzcbnxwuibrqytmbeozgnkz/Build/Intermediates.noindex/ArchiveIntermediates/App/IntermediateBuildFilesPath/App.build/Release-iphoneos/App.build/Objects-normal/arm64/ExtractedAppShortcutsMetadata.stringsdata --source-file-list /Users/user/Library/Developer/Xcode/DerivedData/App-dbrcbrzcbnxwuibrqytmbeozgnkz/Build/Intermediates.noindex/ArchiveIntermediates/App/IntermediateBuildFilesPath/App.build/Release-iphoneos/App.build/Objects-normal/arm64/App.SwiftFileList --metadata-file-list /Users/user/Library/Developer/Xcode/DerivedData/App-dbrcbrzcbnxwuibrqytmbeozgnkz/Build/Intermediates.noindex/ArchiveIntermediates/App/IntermediateBuildFilesPath/App.build/Release-iphoneos/App.build/App.DependencyMetadataFileList --static-metadata-file-list /Users/user/Library/Developer/Xcode/DerivedData/App-dbrcbrzcbnxwuibrqytmbeozgnkz/Build/Intermediates.noindex/ArchiveIntermediates/App/IntermediateBuildFilesPath/App.build/Release-iphoneos/App.build/App.DependencyStaticMetadataFileList --swift-const-vals-list /Users/user/Library/Developer/Xcode/DerivedData/App-dbrcbrzcbnxwuibrqytmbeozgnkz/Build/Intermediates.noindex/ArchiveIntermediates/App/IntermediateBuildFilesPath/App.build/Release-iphoneos/App.build/Objects-normal/arm64/App.SwiftConstValuesFileList --compile-time-extraction --deployment-aware-processing --validate-assistant-intents --no-app-shortcuts-localization
2026-06-26 17:09:23.367 appintentsmetadataprocessor[10274:1149828] Starting appintentsmetadataprocessor export
2026-06-26 17:09:23.368 appintentsmetadataprocessor[10274:1149828] warning: Metadata extraction skipped. No AppIntents.framework dependency found.

GenerateDSYMFile /Users/user/Library/Developer/Xcode/DerivedData/App-dbrcbrzcbnxwuibrqytmbeozgnkz/Build/Intermediates.noindex/ArchiveIntermediates/App/BuildProductsPath/Release-iphoneos/App.app.dSYM /Users/user/Library/Developer/Xcode/DerivedData/App-dbrcbrzcbnxwuibrqytmbeozgnkz/Build/Intermediates.noindex/ArchiveIntermediates/App/InstallationBuildProductsLocation/Applications/App.app/App (in target 'App' from project 'App')
    cd /Users/user/nahaber/ios/App
    /Applications/Xcode.app/Contents/Developer/Toolchains/XcodeDefault.xctoolchain/usr/bin/dsymutil /Users/user/Library/Developer/Xcode/DerivedData/App-dbrcbrzcbnxwuibrqytmbeozgnkz/Build/Intermediates.noindex/ArchiveIntermediates/App/InstallationBuildProductsLocation/Applications/App.app/App -o /Users/user/Library/Developer/Xcode/DerivedData/App-dbrcbrzcbnxwuibrqytmbeozgnkz/Build/Intermediates.noindex/ArchiveIntermediates/App/BuildProductsPath/Release-iphoneos/App.app.dSYM

AppIntentsSSUTraining (in target 'App' from project 'App')
    cd /Users/user/nahaber/ios/App
    /Applications/Xcode.app/Contents/Developer/Toolchains/XcodeDefault.xctoolchain/usr/bin/appintentsnltrainingprocessor --infoplist-path /Users/user/Library/Developer/Xcode/DerivedData/App-dbrcbrzcbnxwuibrqytmbeozgnkz/Build/Intermediates.noindex/ArchiveIntermediates/App/InstallationBuildProductsLocation/Applications/App.app/Info.plist --temp-dir-path /Users/user/Library/Developer/Xcode/DerivedData/App-dbrcbrzcbnxwuibrqytmbeozgnkz/Build/Intermediates.noindex/ArchiveIntermediates/App/IntermediateBuildFilesPath/App.build/Release-iphoneos/App.build/ssu --bundle-id com.nahaber.app --product-path /Users/user/Library/Developer/Xcode/DerivedData/App-dbrcbrzcbnxwuibrqytmbeozgnkz/Build/Intermediates.noindex/ArchiveIntermediates/App/InstallationBuildProductsLocation/Applications/App.app --extracted-metadata-path /Users/user/Library/Developer/Xcode/DerivedData/App-dbrcbrzcbnxwuibrqytmbeozgnkz/Build/Intermediates.noindex/ArchiveIntermediates/App/InstallationBuildProductsLocation/Applications/App.app/Metadata.appintents --deployment-postprocessing --metadata-file-list /Users/user/Library/Developer/Xcode/DerivedData/App-dbrcbrzcbnxwuibrqytmbeozgnkz/Build/Intermediates.noindex/ArchiveIntermediates/App/IntermediateBuildFilesPath/App.build/Release-iphoneos/App.build/App.DependencyMetadataFileList --source-file /Users/user/Library/Developer/Xcode/DerivedData/App-dbrcbrzcbnxwuibrqytmbeozgnkz/Build/Intermediates.noindex/ArchiveIntermediates/App/InstallationBuildProductsLocation/Applications/App.app/Info.plist --archive-ssu-assets
2026-06-26 17:09:23.381 appintentsnltrainingprocessor[10276:1149832] Parsing options for appintentsnltrainingprocessor
2026-06-26 17:09:23.381 appintentsnltrainingprocessor[10276:1149832] Starting AppIntents SSU YAML Generation
2026-06-26 17:09:23.381 appintentsnltrainingprocessor[10276:1149832] No AppShortcuts found - Skipping.

Strip /Users/user/Library/Developer/Xcode/DerivedData/App-dbrcbrzcbnxwuibrqytmbeozgnkz/Build/Intermediates.noindex/ArchiveIntermediates/App/InstallationBuildProductsLocation/Applications/App.app/App (in target 'App' from project 'App')
    cd /Users/user/nahaber/ios/App
    /Applications/Xcode.app/Contents/Developer/Toolchains/XcodeDefault.xctoolchain/usr/bin/strip -D /Users/user/Library/Developer/Xcode/DerivedData/App-dbrcbrzcbnxwuibrqytmbeozgnkz/Build/Intermediates.noindex/ArchiveIntermediates/App/InstallationBuildProductsLocation/Applications/App.app/App

SetOwnerAndGroup user:staff /Users/user/Library/Developer/Xcode/DerivedData/App-dbrcbrzcbnxwuibrqytmbeozgnkz/Build/Intermediates.noindex/ArchiveIntermediates/App/InstallationBuildProductsLocation/Applications/App.app (in target 'App' from project 'App')
    cd /Users/user/nahaber/ios/App
    /usr/sbin/chown -RH user:staff /Users/user/Library/Developer/Xcode/DerivedData/App-dbrcbrzcbnxwuibrqytmbeozgnkz/Build/Intermediates.noindex/ArchiveIntermediates/App/InstallationBuildProductsLocation/Applications/App.app

SetMode u+w,go-w,a+rX /Users/user/Library/Developer/Xcode/DerivedData/App-dbrcbrzcbnxwuibrqytmbeozgnkz/Build/Intermediates.noindex/ArchiveIntermediates/App/InstallationBuildProductsLocation/Applications/App.app (in target 'App' from project 'App')
    cd /Users/user/nahaber/ios/App
    /bin/chmod -RH u+w,go-w,a+rX /Users/user/Library/Developer/Xcode/DerivedData/App-dbrcbrzcbnxwuibrqytmbeozgnkz/Build/Intermediates.noindex/ArchiveIntermediates/App/InstallationBuildProductsLocation/Applications/App.app

CodeSign /Users/user/Library/Developer/Xcode/DerivedData/App-dbrcbrzcbnxwuibrqytmbeozgnkz/Build/Intermediates.noindex/ArchiveIntermediates/App/InstallationBuildProductsLocation/Applications/App.app (in target 'App' from project 'App')
    cd /Users/user/nahaber/ios/App
    
    Signing Identity:     "Apple Distribution: Mehmet en (VMZA353GB7)"
    Provisioning Profile: "NaHaber App Store Distribution"
                          (b57b305d-5c22-4ea6-9203-64925af77bf0)
    
    /usr/bin/codesign --force --sign 2F313AE63D1F6BBEA5FA2FB6717A85A3984C0F0D --keychain /Users/user/Library/Keychains/login.keychain-db --entitlements /Users/user/Library/Developer/Xcode/DerivedData/App-dbrcbrzcbnxwuibrqytmbeozgnkz/Build/Intermediates.noindex/ArchiveIntermediates/App/IntermediateBuildFilesPath/App.build/Release-iphoneos/App.build/App.app.xcent --generate-entitlement-der /Users/user/Library/Developer/Xcode/DerivedData/App-dbrcbrzcbnxwuibrqytmbeozgnkz/Build/Intermediates.noindex/ArchiveIntermediates/App/InstallationBuildProductsLocation/Applications/App.app

RegisterExecutionPolicyException /Users/user/Library/Developer/Xcode/DerivedData/App-dbrcbrzcbnxwuibrqytmbeozgnkz/Build/Intermediates.noindex/ArchiveIntermediates/App/InstallationBuildProductsLocation/Applications/App.app (in target 'App' from project 'App')
    cd /Users/user/nahaber/ios/App
    builtin-RegisterExecutionPolicyException /Users/user/Library/Developer/Xcode/DerivedData/App-dbrcbrzcbnxwuibrqytmbeozgnkz/Build/Intermediates.noindex/ArchiveIntermediates/App/InstallationBuildProductsLocation/Applications/App.app

Validate /Users/user/Library/Developer/Xcode/DerivedData/App-dbrcbrzcbnxwuibrqytmbeozgnkz/Build/Intermediates.noindex/ArchiveIntermediates/App/InstallationBuildProductsLocation/Applications/App.app (in target 'App' from project 'App')
    cd /Users/user/nahaber/ios/App
    builtin-validationUtility /Users/user/Library/Developer/Xcode/DerivedData/App-dbrcbrzcbnxwuibrqytmbeozgnkz/Build/Intermediates.noindex/ArchiveIntermediates/App/InstallationBuildProductsLocation/Applications/App.app -validate-for-store -shallow-bundle -infoplist-subpath Info.plist

Touch /Users/user/Library/Developer/Xcode/DerivedData/App-dbrcbrzcbnxwuibrqytmbeozgnkz/Build/Intermediates.noindex/ArchiveIntermediates/App/InstallationBuildProductsLocation/Applications/App.app (in target 'App' from project 'App')
    cd /Users/user/nahaber/ios/App
    /usr/bin/touch -c /Users/user/Library/Developer/Xcode/DerivedData/App-dbrcbrzcbnxwuibrqytmbeozgnkz/Build/Intermediates.noindex/ArchiveIntermediates/App/InstallationBuildProductsLocation/Applications/App.app

** ARCHIVE SUCCEEDED **

2026-06-26 17:09:23.845 xcodebuild[10282:1149867] [MT] IDEDistribution: -[IDEDistributionLogging _createLoggingBundleAtPath:]: Created bundle at path "/var/folders/6k/mycfp0wx22bczrv2ltsdrxhm0000gn/T/App_2026-06-26_17-09-23.844.xcdistributionlogs".
2026-06-26 17:09:39.589 xcodebuild[10282:1149867] Starting upload
2026-06-26 17:09:42.534 xcodebuild[10282:1149995] Progress %0: Making copy of ‘App.ipa’…
2026-06-26 17:09:42.534 xcodebuild[10282:1149995] Progress %0: Making copy of ‘App.ipa’…
2026-06-26 17:09:42.536 xcodebuild[10282:1149995] Progress %0: Preparing to upload ‘App.ipa’…
2026-06-26 17:09:53.617 xcodebuild[10282:1149994] Progress %0: Analyzing package…
2026-06-26 17:09:55.103 xcodebuild[10282:1149872] Progress %0: Sending analysis to App Store Connect…
2026-06-26 17:09:59.411 xcodebuild[10282:1149872] Progress %0: Waiting for App Store Connect analysis response…
2026-06-26 17:10:01.764 xcodebuild[10282:1149872] Progress %0: Waiting for App Store Connect analysis response…
2026-06-26 17:10:19.222 xcodebuild[10282:1149872] Progress %0: Sending SPI analysis to App Store Connect…
2026-06-26 17:10:20.576 xcodebuild[10282:1149872] Progress %0: Waiting for App Store Connect SPI analysis response…
2026-06-26 17:10:22.791 xcodebuild[10282:1149872] Progress %0: Waiting for App Store Connect SPI analysis response…
2026-06-26 17:10:44.344 xcodebuild[10282:1152574] Progress %0: Requesting upload instructions from App Store Connect…
2026-06-26 17:10:45.556 xcodebuild[10282:1152574] Progress %0: Preparing file for upload to App Store Connect…
2026-06-26 17:10:45.563 xcodebuild[10282:1152574] Progress %0: Preparing file for upload to App Store Connect…
2026-06-26 17:10:45.563 xcodebuild[10282:1152574] Progress %0: Uploading to App Store Connect…
2026-06-26 17:10:45.675 xcodebuild[10282:1152574] Progress %80: Uploading to App Store Connect…
2026-06-26 17:10:45.676 xcodebuild[10282:1152574] Progress %80: Uploading to App Store Connect…
2026-06-26 17:10:46.178 xcodebuild[10282:1152574] Progress %100: Uploading to App Store Connect…
2026-06-26 17:10:46.179 xcodebuild[10282:1152574] Progress %100: Uploading to App Store Connect…
2026-06-26 17:10:47.545 xcodebuild[10282:1152574] Progress %100: Completing upload…
2026-06-26 17:10:49.232 xcodebuild[10282:1152857] Progress %100: Waiting for package to begin processing…
2026-06-26 17:10:49.519 xcodebuild[10282:1152857] Progress %100: Uploaded package is processing.
2026-06-26 17:10:49.524 xcodebuild[10282:1152857] Progress %100: Upload succeeded.
Uploaded App
** EXPORT SUCCEEDED **

